"ID1","DataType","ExptNumber","MouseID","strainName","sex","Date","birthDate","ExptDoneBy","Age(days)","Age(wks)","Expr1011","BodyWeight","DrugBottleStartWeight","WaterBottleStartWeight","DrugBottleEndWeight","WaterBottleEndWeight","MeasureDays","d7","d8","d9","d10","d11","d12","d13","DrugDose","Drug","DoseUnits","d14","d15","d16","d17","d18","d19","d20","d21","d22","d23","d24","d25","mg/kg formula check","MouseIDDateMaster","MouseIDDateMDTStatic","MouseIDDateQC","coatColor","origin","Group","nickname","SucrosePreference","OralMethPreference","mgMeth_gMouse_day","d2-d4","d3-d5","d2-d4bias","DrugVolConsumed","WaterVolConsumed","DrugPreferenceScore","TestNumber","n_group_iqr","outlier_flag_DrugVolConsumed","outlier_flag_DrugPreferenceScore"
46489,"Sucrose","SUC0314","049876","B6J-(WT372)Srgap3<S642P> Cyfip2 S968F<N>","M",2025-07-30,2025-04-10,"Fionna",111,15.8571428571429,NA,NA,95.4000015258789,92.6999969482422,88.6100006103516,87.0299987792969,2,NA,NA,NA,NA,NA,NA,"day 8-10 sucrose","2","Sucrose drinking","percent",NA,NA,NA,NA,NA,NA,NA,NA,NA,NA,NA,NA,NA,"049876_7/30/2025_Sucrose","049876_7/30/2025_Sucrose","yes",NA,"Kumar Lab","yes","WT372","SPT5: 2 day water, 3 days 0.25% sucrose, 2 days 0.5% sucrose, 2 days 2% 2-bottle choice sucrose vs water skip weekend work",NA,NA,6.79000091552734,5.66999816894531,0.544943928718567,6.7900009155273,5.6699981689453,0.54494393374305,4,"eligible",FALSE,TRUE
46490,"Sucrose","SUC0314","049877","B6J-(WT372)Srgap3<S642P> Cyfip2 S968F<N>","M",2025-07-30,2025-04-10,"Fionna",111,15.8571428571429,NA,NA,96.3000030517578,94.5,85.1800003051758,90.0299987792969,2,NA,NA,NA,NA,NA,NA,"day 8-10 sucrose","2","Sucrose drinking","percent",NA,NA,NA,NA,NA,NA,NA,NA,NA,NA,NA,NA,NA,"049877_7/30/2025_Sucrose","049877_7/30/2025_Sucrose","yes",NA,"Kumar Lab","yes","WT372","SPT5: 2 day water, 3 days 0.25% sucrose, 2 days 0.5% sucrose, 2 days 2% 2-bottle choice sucrose vs water skip weekend work",NA,NA,11.120002746582,4.47000122070313,0.713277757167816,11.120002746582,4.4700012207031,0.713277736806021,4,"eligible",FALSE,TRUE
48592,"Sucrose","SUC0356","051417","B6J-Cyfip2 C179R<HET>","F",2025-09-17,2025-05-20,"Fionna",120,17.1428571428571,NA,20.8999996185303,94.5,94.6999969482422,87.379997253418,89.1800003051758,2,NA,NA,NA,NA,NA,NA,"day 1-3, both water days","0","Both Water Bottles","Percent",NA,NA,NA,NA,NA,NA,NA,NA,NA,NA,NA,NA,395091.402247149,"051417_9/17/2025_Sucrose","051417_9/17/2025_Sucrose","yes",NA,"Kumar Lab","yes","C179R","SPT5: 2 day water, 3 days 0.25% sucrose, 2 days 0.5% sucrose, 2 days 2% 2-bottle choice sucrose vs water skip weekend work",NA,NA,7.12000274658203,5.51999664306641,0.563291370868683,7.120002746582,5.51999664306641,0.563291383733212,1,"eligible",TRUE,FALSE
52209,"Sucrose","SUC0415","057298","B6J-Cyfip2 C179R<HET>","M",2026-02-04,2025-11-14,"Fionna",82,11.7142857142857,NA,27.1700000762939,93.1600036621094,94.6600036621094,86.2399978637695,91.4400024414063,2,NA,NA,NA,NA,NA,NA,"day 1-3, both water days","0","Both Water Bottles","Percent",NA,NA,NA,NA,NA,NA,NA,NA,NA,NA,NA,NA,295698.146109083,"057298_2/4/2026_Sucrose","057298_2/4/2026_Sucrose","yes",NA,"Kumar Lab","yes","C179R","SPT5: 2 day water, 3 days 0.25% sucrose, 2 days 0.5% sucrose, 2 days 2% 2-bottle choice sucrose vs water skip weekend work",NA,NA,6.92000579833984,3.22000122070313,0.682445883750916,6.9200057983399,3.2200012207031,0.68244585879912,1,"eligible",TRUE,FALSE
48653,"Sucrose","SUC0356","051424","B6J-Cyfip2 C179R<HET>","F",2025-09-22,2025-05-19,"Fionna",126,18,NA,NA,93.1999969482422,82.6999969482422,89.8000030517578,77.7200012207031,2,NA,NA,NA,NA,NA,NA,"day 6-8 sucrose","0.5","Sucrose drinking","percent",NA,NA,NA,NA,NA,NA,NA,NA,NA,NA,NA,NA,NA,"051424_9/22/2025_Sucrose","051424_9/22/2025_Sucrose","yes",NA,"Kumar Lab","yes","C179R","SPT5: 2 day water, 3 days 0.25% sucrose, 2 days 0.5% sucrose, 2 days 2% 2-bottle choice sucrose vs water skip weekend work",NA,NA,3.39999389648438,4.97999572753906,0.405727684497833,3.3999938964844,4.97999572753911,0.405727697649816,3,"eligible",TRUE,FALSE
48009,"Sucrose","SUC0341","051901","B6J-Cyfip2 C179R<HET>","M",2025-08-25,2025-05-28,"Fionna",89,12.7142857142857,NA,NA,93.879997253418,83.3099975585938,92.1500015258789,77.3300018310547,2,NA,NA,NA,NA,NA,NA,"day 6-8 sucrose","0.5","Sucrose drinking","percent",NA,NA,NA,NA,NA,NA,NA,NA,NA,NA,NA,NA,NA,"051901_8/25/2025_Sucrose","051901_8/25/2025_Sucrose","yes",NA,"Kumar Lab","yes","C179R","SPT5: 2 day water, 3 days 0.25% sucrose, 2 days 0.5% sucrose, 2 days 2% 2-bottle choice sucrose vs water skip weekend work",NA,NA,1.72999572753906,5.97999572753906,0.224383607506752,1.72999572753909,5.97999572753911,0.224383611527822,3,"eligible",TRUE,TRUE
48683,"Sucrose","SUC0356","051424","B6J-Cyfip2 C179R<HET>","F",2025-09-24,2025-05-19,"Fionna",128,18.2857142857143,NA,NA,96.0800018310547,92.9700012207031,77.0899963378906,89.5500030517578,2,NA,NA,NA,NA,NA,NA,"day 8-10 sucrose","2","Sucrose drinking","percent",NA,NA,NA,NA,NA,NA,NA,NA,NA,NA,NA,NA,NA,"051424_9/24/2025_Sucrose","051424_9/24/2025_Sucrose","yes",NA,"Kumar Lab","yes","C179R","SPT5: 2 day water, 3 days 0.25% sucrose, 2 days 0.5% sucrose, 2 days 2% 2-bottle choice sucrose vs water skip weekend work",NA,NA,18.9900054931641,3.41999816894531,0.84738963842392,18.9900054931641,3.4199981689453,0.847389664878645,4,"eligible",TRUE,FALSE
48057,"Sucrose","SUC0341","051901","B6J-Cyfip2 C179R<HET>","M",2025-08-27,2025-05-28,"Fionna",91,13,NA,NA,97.129997253418,94.3099975585938,89.870002746582,92.5800018310547,2,NA,NA,NA,NA,NA,NA,"day 8-10 sucrose","2","Sucrose drinking","percent",NA,NA,NA,NA,NA,NA,NA,NA,NA,NA,NA,NA,NA,"051901_8/27/2025_Sucrose","051901_8/27/2025_Sucrose","yes",NA,"Kumar Lab","yes","C179R","SPT5: 2 day water, 3 days 0.25% sucrose, 2 days 0.5% sucrose, 2 days 2% 2-bottle choice sucrose vs water skip weekend work",NA,NA,7.25999450683594,1.72999572753906,0.807564198970795,7.25999450683599,1.72999572753911,0.807564226162993,4,"eligible",TRUE,FALSE
52304,"Sucrose","SUC0404","056721","B6J-Cyfip2 C179R<HET>","M",2026-02-11,2025-10-20,"Fionna",114,16.2857142857143,NA,NA,94.1999969482422,97.129997253418,75.379997253418,95.0999984741211,2,NA,NA,NA,NA,NA,NA,"day 8-10 sucrose","2","Sucrose drinking","percent",NA,NA,NA,NA,NA,NA,NA,NA,NA,NA,NA,NA,NA,"056721_2/11/2026_Sucrose","056721_2/11/2026_Sucrose","yes",NA,"Kumar Lab","yes","C179R","SPT5: 2 day water, 3 days 0.25% sucrose, 2 days 0.5% sucrose, 2 days 2% 2-bottle choice sucrose vs water skip weekend work",NA,NA,18.8199996948242,2.02999877929688,0.902637958526611,18.8199996948242,2.0299987792969,0.902637941109851,4,"eligible",TRUE,FALSE
46433,"Sucrose","SUC0312","050124","B6J-Cyfip2 S968F<N> (GET202)","M",2025-07-28,2025-04-15,"Fionna",104,14.8571428571429,NA,NA,98.0999984741211,88.8000030517578,89.1999969482422,87.1999969482422,2,NA,NA,NA,NA,NA,NA,"day 6-8 sucrose","0.5","Sucrose drinking","percent",NA,NA,NA,NA,NA,NA,NA,NA,NA,NA,NA,NA,NA,"050124_7/28/2025_Sucrose","050124_7/28/2025_Sucrose","yes",NA,"Kumar Lab","yes","GET202","SPT5: 2 day water, 3 days 0.25% sucrose, 2 days 0.5% sucrose, 2 days 2% 2-bottle choice sucrose vs water skip weekend work",NA,NA,8.90000152587891,1.60000610351563,0.847618579864502,8.90000152587889,1.6000061035156,0.847618577053561,3,"eligible",TRUE,TRUE
44114,"Sucrose","SUC0283","047916","B6J-Cyfip2 S968F<N> (GET202)","F",2025-05-21,2025-02-24,"Fionna",86,12.2857142857143,NA,NA,95.0999984741211,81.6999969482422,84.1999969482422,75,2,NA,NA,NA,NA,NA,NA,"day 8-10 sucrose","2","Sucrose drinking","percent",NA,NA,NA,NA,NA,NA,NA,NA,NA,NA,NA,NA,NA,"047916_5/21/2025_Sucrose","047916_5/21/2025_Sucrose","yes",NA,"Kumar Lab","yes","GET202","SPT5: 2 day water, 3 days 0.25% sucrose, 2 days 0.5% sucrose, 2 days 2% 2-bottle choice sucrose vs water skip weekend work",NA,NA,10.9000015258789,6.69999694824219,0.619318306446075,10.9000015258789,6.6999969482422,0.619318322209299,4,"eligible",FALSE,TRUE
48050,"Sucrose","SUC0339","051633","B6J-Cyfip2 S968F<N> (GET202)","M",2025-08-27,2025-05-26,"Fionna",93,13.2857142857143,NA,NA,100.139999389648,101.370002746582,84.0100021362305,97.9899978637695,2,NA,NA,NA,NA,NA,NA,"day 8-10 sucrose","2","Sucrose drinking","percent",NA,NA,NA,NA,NA,NA,NA,NA,NA,NA,NA,NA,NA,"051633_8/27/2025_Sucrose","051633_8/27/2025_Sucrose","yes",NA,"Kumar Lab","yes","GET202","SPT5: 2 day water, 3 days 0.25% sucrose, 2 days 0.5% sucrose, 2 days 2% 2-bottle choice sucrose vs water skip weekend work",NA,NA,16.129997253418,3.3800048828125,0.826755285263062,16.1299972534175,3.3800048828125,0.826755278691854,4,"eligible",TRUE,FALSE
46338,"Sucrose","SUC0313","050242","B6J-Cyfip2<K724E>","M",2025-07-23,2025-04-17,"Fionna",97,13.8571428571429,NA,29.5,96.3000030517578,95.5,87.5999984741211,92.5,2,NA,NA,NA,NA,NA,NA,"day 1-3, both water days","0","Both Water Bottles","Percent",NA,NA,NA,NA,NA,NA,NA,NA,NA,NA,NA,NA,285962.029925847,"050242_7/23/2025_Sucrose","050242_7/23/2025_Sucrose","yes",NA,"Kumar Lab","yes","K724E","SPT5: 2 day water, 3 days 0.25% sucrose, 2 days 0.5% sucrose, 2 days 2% 2-bottle choice sucrose vs water skip weekend work",NA,NA,8.70000457763672,3,0.743589818477631,8.7000045776367,3,0.743589843910474,1,"eligible",TRUE,FALSE
46436,"Sucrose","SUC0313","050242","B6J-Cyfip2<K724E>","M",2025-07-28,2025-04-17,"Fionna",102,14.5714285714286,NA,NA,94.3000030517578,85.0999984741211,83.1999969482422,82.1999969482422,2,NA,NA,NA,NA,NA,NA,"day 6-8 sucrose","0.5","Sucrose drinking","percent",NA,NA,NA,NA,NA,NA,NA,NA,NA,NA,NA,NA,NA,"050242_7/28/2025_Sucrose","050242_7/28/2025_Sucrose","yes",NA,"Kumar Lab","yes","K724E","SPT5: 2 day water, 3 days 0.25% sucrose, 2 days 0.5% sucrose, 2 days 2% 2-bottle choice sucrose vs water skip weekend work",NA,NA,11.1000061035156,2.90000152587891,0.79285717010498,11.1000061035156,2.90000152587889,0.792857146749689,3,"eligible",TRUE,FALSE
51647,"Sucrose","SUC0387","056280","B6J-Cyfip2<K724E>","F",2026-01-12,2025-10-07,"Fionna",97,13.8571428571429,NA,NA,95.4800033569336,93.0199966430664,0.340000003576279,89.1800003051758,2,NA,NA,NA,NA,NA,NA,"day 6-8 sucrose","0.5","Sucrose drinking","percent",NA,NA,NA,NA,NA,NA,NA,NA,NA,NA,NA,NA,NA,"056280_1/12/2026_Sucrose","056280_1/12/2026_Sucrose","yes",NA,"Kumar Lab","yes","K724E","SPT5: 2 day water, 3 days 0.25% sucrose, 2 days 0.5% sucrose, 2 days 2% 2-bottle choice sucrose vs water skip weekend work",NA,NA,95.140007019043,3.83999633789063,0.961204349994659,95.1400033533573,3.83999633789061,0.961204320571137,3,"eligible",TRUE,FALSE
51649,"Sucrose","SUC0387","056282","B6J-Cyfip2<K724E>","F",2026-01-12,2025-10-07,"Fionna",97,13.8571428571429,NA,NA,98.8099975585938,90.3499984741211,95.879997253418,86.0299987792969,2,NA,NA,NA,NA,NA,NA,"day 6-8 sucrose","0.5","Sucrose drinking","percent",NA,NA,NA,NA,NA,NA,NA,NA,NA,NA,NA,NA,NA,"056282_1/12/2026_Sucrose","056282_1/12/2026_Sucrose","yes",NA,"Kumar Lab","yes","K724E","SPT5: 2 day water, 3 days 0.25% sucrose, 2 days 0.5% sucrose, 2 days 2% 2-bottle choice sucrose vs water skip weekend work",NA,NA,2.93000030517578,4.31999969482422,0.404137969017029,2.93000030517581,4.31999969482419,0.404137973127698,3,"eligible",TRUE,TRUE
45469,"Sucrose","SUC0293","048150","B6NJ-Adgrb2-/- Cyfip2 S968F<J>","M",2025-07-02,2025-02-27,"Fionna",125,17.8571428571429,NA,NA,96.6999969482422,94.6999969482422,89.8000030517578,91,2,NA,NA,NA,NA,NA,NA,"day 8-10 sucrose","2","Sucrose drinking","percent",NA,NA,NA,NA,NA,NA,NA,NA,NA,NA,NA,NA,NA,"048150_7/2/2025_Sucrose","048150_7/2/2025_Sucrose","yes",NA,"Kumar Lab","yes","Adgrb2","SPT5: 2 day water, 3 days 0.25% sucrose, 2 days 0.5% sucrose, 2 days 2% 2-bottle choice sucrose vs water skip weekend work",NA,NA,6.89999389648438,3.69999694824219,0.650943398475647,6.8999938964844,3.6999969482422,0.650943382646135,4,"eligible",FALSE,TRUE
47897,"Sucrose","SUC0334","051361","B6NJ-Ajap1-/- Cyfip2-S968F<J>","F",2025-08-20,2025-05-13,"Fionna",99,14.1428571428571,NA,22.2000007629395,93.7099990844727,95.7699966430664,87.4400024414063,92.5299987792969,2,NA,NA,NA,NA,NA,NA,"day 1-3, both water days","0","Both Water Bottles","Percent",NA,NA,NA,NA,NA,NA,NA,NA,NA,NA,NA,NA,369099.218382304,"051361_8/20/2025_Sucrose","051361_8/20/2025_Sucrose","yes",NA,"Kumar Lab","no","Ajap1","SPT5: 2 day water, 3 days 0.25% sucrose, 2 days 0.5% sucrose, 2 days 2% 2-bottle choice sucrose vs water skip weekend work",NA,NA,6.26999664306641,3.23999786376953,0.659306049346924,6.26999664306639,3.2399978637695,0.659306021529186,1,"eligible",TRUE,FALSE
47895,"Sucrose","SUC0334","051368","B6NJ-Ajap1-/- Cyfip2-S968F<J>","F",2025-08-20,2025-05-13,"Fionna",99,14.1428571428571,NA,18.9799995422363,100.180000305176,97.3399963378906,93.9000015258789,91.2399978637695,2,NA,NA,NA,NA,NA,NA,"day 1-3, both water days","0","Both Water Bottles","Percent",NA,NA,NA,NA,NA,NA,NA,NA,NA,NA,NA,NA,495621.842498824,"051368_8/20/2025_Sucrose","051368_8/20/2025_Sucrose","yes",NA,"Kumar Lab","no","Ajap1","SPT5: 2 day water, 3 days 0.25% sucrose, 2 days 0.5% sucrose, 2 days 2% 2-bottle choice sucrose vs water skip weekend work",NA,NA,6.27999877929688,6.09999847412109,0.50726979970932,6.27999877929709,6.09999847412109,0.50726980392206,1,"eligible",TRUE,FALSE
23495,"Sucrose","SUC0059","026748","B6NJ-Ajap1-/- Cyfip2-S968F<J>","M",2023-10-31,2023-08-09,"Marina_Misty",83,11.8571428571429,NA,23.6000003814697,83.3000030517578,77.6999969482422,78.8000030517578,75.3000030517578,2,NA,NA,NA,NA,NA,NA,"Day 7-9","2","Sucrose Drinking","percent",NA,NA,NA,NA,NA,NA,NA,NA,NA,NA,NA,NA,278137.305984864,"026748_10/31/2023_Sucrose","026748_10/31/2023_Sucrose","yes",NA,"Kumar Lab","no","Ajap1","SPT4: 2 day water, 2 days each with increasing dose of sucrose (0.25%, 0.5%, 2%) 2-bottle choice",NA,0.000190677963019582,4.5,2.39999389648438,0.652174472808838,4.5,2.3999938964844,0.652174489935822,4,"eligible",TRUE,FALSE
49673,"Sucrose","SUC0360","054145","B6NJ-Ajap1-/- Cyfip2-S968F<J>","F",2025-10-22,2025-08-04,"Fionna",79,11.2857142857143,NA,NA,95.4199981689453,82.8300018310547,89.7399978637695,77.620002746582,2,NA,NA,NA,NA,NA,NA,"day 8-10 sucrose","2","Sucrose drinking","percent",NA,NA,NA,NA,NA,NA,NA,NA,NA,NA,NA,NA,NA,"054145_10/22/2025_Sucrose","054145_10/22/2025_Sucrose","yes",NA,"Kumar Lab","no","Ajap1","SPT5: 2 day water, 3 days 0.25% sucrose, 2 days 0.5% sucrose, 2 days 2% 2-bottle choice sucrose vs water skip weekend work",NA,NA,5.68000030517578,5.20999908447266,0.521579504013062,5.6800003051758,5.2099990844727,0.521579487926779,4,"eligible",TRUE,TRUE
45459,"Sucrose","SUC0300","048917","B6NJ-Arv1-/- Cyfip2-S968F<J>","F",2025-06-30,2025-03-11,"Fionna",111,15.8571428571429,NA,NA,98.1999969482422,89.5,88.8000030517578,86.1999969482422,2,NA,NA,NA,NA,NA,NA,"day 6-8 sucrose","0.5","Sucrose drinking","percent",NA,NA,NA,NA,NA,NA,NA,NA,NA,NA,NA,NA,NA,"048917_6/30/2025_Sucrose","048917_6/30/2025_Sucrose","yes",NA,"Kumar Lab","no","Arv1","SPT5: 2 day water, 3 days 0.25% sucrose, 2 days 0.5% sucrose, 2 days 2% 2-bottle choice sucrose vs water skip weekend work",NA,NA,9.39999389648438,3.30000305175781,0.740157186985016,9.3999938964844,3.3000030517578,0.740157177579909,3,"eligible",TRUE,FALSE
47995,"Sucrose","SUC0335","051382","B6NJ-Arv1-/- Cyfip2-S968F<J>","M",2025-08-25,2025-05-15,"Fionna",102,14.5714285714286,NA,NA,93.7399978637695,93.8099975585938,85.3300018310547,91.620002746582,2,NA,NA,NA,NA,NA,NA,"day 6-8 sucrose","0.5","Sucrose drinking","percent",NA,NA,NA,NA,NA,NA,NA,NA,NA,NA,NA,NA,NA,"051382_8/25/2025_Sucrose","051382_8/25/2025_Sucrose","yes",NA,"Kumar Lab","no","Arv1","SPT5: 2 day water, 3 days 0.25% sucrose, 2 days 0.5% sucrose, 2 days 2% 2-bottle choice sucrose vs water skip weekend work",NA,NA,8.40999603271484,2.18999481201172,0.793396532535553,8.4099960327148,2.1899948120118,0.793396537403492,3,"eligible",TRUE,FALSE
32492,"Sucrose","SUC0158","034473","B6NJ-AU040320-/- Cyfip2-S968F<J>","M",2024-06-10,2024-02-17,"Orianna",114,16.2857142857143,NA,NA,78.6999969482422,76.4000015258789,77.0999984741211,72.5,2,NA,NA,NA,NA,NA,NA,"day 6-8 sucrose","0.5","Sucrose drinking","percent",NA,NA,NA,NA,NA,NA,NA,NA,NA,NA,NA,NA,NA,"034473_6/10/2024_Sucrose","034473_6/10/2024_Sucrose","yes",NA,"Kumar Lab","yes","AU040320","SPT5: 2 day water, 3 days 0.25% sucrose, 2 days 0.5% sucrose, 2 days 2% 2-bottle choice sucrose vs water skip weekend work",NA,NA,1.59999847412109,3.90000152587891,0.290908813476563,1.59999847412111,3.90000152587891,0.290908813476564,3,"eligible",TRUE,TRUE
31594,"Sucrose","SUC0151","034134","B6NJ-AU040320-/- Cyfip2-S968F<J>","M",2024-05-15,2024-02-05,"Orianna",100,14.2857142857143,NA,NA,79.1999969482422,81.5,73.5999984741211,78.0999984741211,2,NA,NA,NA,NA,NA,NA,"day 8-10 sucrose","2","Sucrose drinking","percent",NA,NA,NA,NA,NA,NA,NA,NA,NA,NA,NA,NA,NA,"034134_5/15/2024_Sucrose","034134_5/15/2024_Sucrose","yes",NA,"Kumar Lab","yes","AU040320","SPT5: 2 day water, 3 days 0.25% sucrose, 2 days 0.5% sucrose, 2 days 2% 2-bottle choice sucrose vs water skip weekend work",NA,NA,5.59999847412109,3.40000152587891,0.622222065925598,5.59999847412111,3.40000152587891,0.622222052680122,4,"eligible",FALSE,TRUE
27719,"Sucrose","SUC0090","030986","B6NJ-Bcl11b+/- Cyfip2-S968F<J>","M",2024-02-13,2023-11-11,"Misty",94,13.4285714285714,NA,27.2000007629395,84.0999984741211,72.5,77.8000030517578,71.1999969482422,2,NA,NA,NA,NA,NA,NA,"Days 7-9","2","Sucrose","percent",NA,NA,NA,NA,NA,NA,NA,NA,NA,NA,NA,NA,240550.727828791,"030986_2/13/2024_Sucrose","030986_2/13/2024_Sucrose","yes",NA,"Kumar Lab","yes","Bcl11b","SPT4: 2 day water, 2 days each with increasing dose of sucrose (0.25%, 0.5%, 2%) 2-bottle choice",NA,0.000231617472266661,6.29999542236328,1.30000305175781,0.828946948051453,6.2999954223633,1.3000030517578,0.828946932531044,4,"eligible",FALSE,TRUE
43996,"Sucrose","SUC0285","048156","B6NJ-Cnksr2-/- Cyfip2-S968F<J> (X chr)","M",2025-05-14,2025-02-23,"Fionna",80,11.4285714285714,NA,25.7000007629395,95.5999984741211,95.1999969482422,86.5,93.3000030517578,2,NA,NA,NA,NA,NA,NA,"day 1-3, both water days","0","Both Water Bottles","Percent",NA,NA,NA,NA,NA,NA,NA,NA,NA,NA,NA,NA,321766.50461378,"048156_5/14/2025_Sucrose","048156_5/14/2025_Sucrose","yes",NA,"Kumar Lab","yes","Cnksr2","SPT5: 2 day water, 3 days 0.25% sucrose, 2 days 0.5% sucrose, 2 days 2% 2-bottle choice sucrose vs water skip weekend work",NA,NA,9.09999847412109,1.89999389648438,0.827273190021515,9.09999847412109,1.8999938964844,0.827273162337674,1,"eligible",TRUE,TRUE
43995,"Sucrose","SUC0285","048158","B6NJ-Cnksr2-/- Cyfip2-S968F<J> (X chr)","M",2025-05-14,2025-02-23,"Fionna",80,11.4285714285714,NA,26.3999996185303,103.5,95.5,102.800003051758,94,2,NA,NA,NA,NA,NA,NA,"day 1-3, both water days","0","Both Water Bottles","Percent",NA,NA,NA,NA,NA,NA,NA,NA,NA,NA,NA,NA,403022.762689052,"048158_5/14/2025_Sucrose","048158_5/14/2025_Sucrose","yes",NA,"Kumar Lab","yes","Cnksr2","SPT5: 2 day water, 3 days 0.25% sucrose, 2 days 0.5% sucrose, 2 days 2% 2-bottle choice sucrose vs water skip weekend work",NA,NA,0.699996948242188,1.5,0.318180859088898,0.699996948242003,1.5,0.318180872387738,1,"eligible",FALSE,TRUE
44011,"Sucrose","SUC0291","048331","B6NJ-Cnksr2-/- Cyfip2-S968F<J> (X chr)","F",2025-05-14,2025-03-03,"Fionna",72,10.2857142857143,NA,19.2999992370605,95.0999984741211,99,94.5,97.4000015258789,2,NA,NA,NA,NA,NA,NA,"day 1-3, both water days","0","Both Water Bottles","Percent",NA,NA,NA,NA,NA,NA,NA,NA,NA,NA,NA,NA,465645.106247229,"048331_5/14/2025_Sucrose","048331_5/14/2025_Sucrose","yes",NA,"Kumar Lab","yes","Cnksr2","SPT5: 2 day water, 3 days 0.25% sucrose, 2 days 0.5% sucrose, 2 days 2% 2-bottle choice sucrose vs water skip weekend work",NA,NA,0.599998474121094,1.59999847412109,0.272726953029633,0.599998474121094,1.59999847412109,0.272726957462599,1,"eligible",FALSE,TRUE
45334,"Sucrose","SUC0297","048788","B6NJ-Cnksr2-/- Cyfip2-S968F<J> (X chr)","M",2025-06-25,2025-03-09,"Fionna",108,15.4285714285714,NA,30.6000003814697,94.3000030517578,95,89.4000015258789,90.6999969482422,2,NA,NA,NA,NA,NA,NA,"day 1-3, both water days","0","Both Water Bottles","Percent",NA,NA,NA,NA,NA,NA,NA,NA,NA,NA,NA,NA,275503.947494807,"048788_6/25/2025_Sucrose","048788_6/25/2025_Sucrose","yes",NA,"Kumar Lab","yes","Cnksr2","SPT5: 2 day water, 3 days 0.25% sucrose, 2 days 0.5% sucrose, 2 days 2% 2-bottle choice sucrose vs water skip weekend work",NA,NA,4.90000152587891,4.30000305175781,0.532608568668365,4.90000152587889,4.3000030517578,0.532608596498939,1,"eligible",TRUE,FALSE
44082,"Sucrose","SUC0285","048159","B6NJ-Cnksr2-/- Cyfip2-S968F<J> (X chr)","M",2025-05-19,2025-02-23,"Fionna",85,12.1428571428571,NA,NA,102.099998474121,91.6999969482422,90.6999969482422,89.8000030517578,2,NA,NA,NA,NA,NA,NA,"day 6-8 sucrose","0.5","Sucrose drinking","percent",NA,NA,NA,NA,NA,NA,NA,NA,NA,NA,NA,NA,NA,"048159_5/19/2025_Sucrose","048159_5/19/2025_Sucrose","yes",NA,"Kumar Lab","yes","Cnksr2","SPT5: 2 day water, 3 days 0.25% sucrose, 2 days 0.5% sucrose, 2 days 2% 2-bottle choice sucrose vs water skip weekend work",NA,NA,11.4000015258789,1.89999389648438,0.85714328289032,11.4000015258788,1.8999938964844,0.857143266884914,3,"eligible",TRUE,FALSE
44099,"Sucrose","SUC0291","048331","B6NJ-Cnksr2-/- Cyfip2-S968F<J> (X chr)","F",2025-05-19,2025-03-03,"Fionna",77,11,NA,NA,95.8000030517578,88.5,88.4000015258789,85.0999984741211,2,NA,NA,NA,NA,NA,NA,"day 6-8 sucrose","0.5","Sucrose drinking","percent",NA,NA,NA,NA,NA,NA,NA,NA,NA,NA,NA,NA,NA,"048331_5/19/2025_Sucrose","048331_5/19/2025_Sucrose","yes",NA,"Kumar Lab","yes","Cnksr2","SPT5: 2 day water, 3 days 0.25% sucrose, 2 days 0.5% sucrose, 2 days 2% 2-bottle choice sucrose vs water skip weekend work",NA,NA,7.40000152587891,3.40000152587891,0.685185134410858,7.40000152587889,3.40000152587891,0.685185132857391,3,"eligible",TRUE,FALSE
23467,"Sucrose","SUC0061","027567","B6NJ-Cxxc4-/- Cyfip2-S968F<J>","F",2023-10-29,2023-08-24,"Marina_Misty",66,9.42857142857143,NA,20.1000003814697,81.9000015258789,73.6999969482422,80.6999969482422,68.6999969482422,2,NA,NA,NA,NA,NA,NA,"Day 5- 7","0.5","Sucrose Drinking","percent",NA,NA,NA,NA,NA,NA,NA,NA,NA,NA,NA,NA,328822.385705931,"027567_10/29/2023_Sucrose","027567_10/29/2023_Sucrose","yes",NA,"Kumar Lab","yes","Cxxc4","SPT4: 2 day water, 2 days each with increasing dose of sucrose (0.25%, 0.5%, 2%) 2-bottle choice",NA,1.49254297868448e-05,1.20000457763672,5,0.193548977375031,1.2000045776367,5,0.193548982522545,3,"eligible",TRUE,FALSE
26322,"Sucrose","SUC0085A","030326","B6NJ-Cxxc4-/- Cyfip2-S968F<J>","F",2024-01-14,2023-10-27,"Misty",79,11.2857142857143,NA,25.2000007629395,83.5999984741211,70.3000030517578,82.6999969482422,63.9000015258789,2,NA,NA,NA,NA,NA,NA,"Days 5-7","0.5","Sucrose","percent",NA,NA,NA,NA,NA,NA,NA,NA,NA,NA,NA,NA,274353.949097105,"030326_1/14/2024_Sucrose","030326_1/14/2024_Sucrose","yes",NA,"Kumar Lab","yes","Cxxc4","SPT4: 2 day water, 2 days each with increasing dose of sucrose (0.25%, 0.5%, 2%) 2-bottle choice",NA,8.92858629594269e-06,0.900001525878906,6.40000152587891,0.123287826776505,0.900001525878892,6.4000015258789,0.123287828717027,3,"eligible",TRUE,FALSE
26372,"Sucrose","SUC0085A","030326","B6NJ-Cxxc4-/- Cyfip2-S968F<J>","F",2024-01-16,2023-10-27,"Misty",81,11.5714285714286,NA,24.6000003814697,83.8000030517578,63.9000015258789,70.3000030517578,62.0999984741211,2,NA,NA,NA,NA,NA,NA,"Days 7-9","2","Sucrose","percent",NA,NA,NA,NA,NA,NA,NA,NA,NA,NA,NA,NA,239477.257465312,"030326_1/16/2024_Sucrose","030326_1/16/2024_Sucrose","yes",NA,"Kumar Lab","yes","Cxxc4","SPT4: 2 day water, 2 days each with increasing dose of sucrose (0.25%, 0.5%, 2%) 2-bottle choice",NA,0.000548780479294994,13.5,1.80000305175781,0.882352769374847,13.5,1.8000030517578,0.882352765181246,4,"eligible",TRUE,FALSE
30277,"Sucrose","SUC0134","032627","B6NJ-Cxxc4-/- Cyfip2-S968F<J>","F",2024-04-10,2023-12-31,"Orianna",101,14.4285714285714,NA,NA,77.5999984741211,81.1999969482422,62.9000015258789,80,2,NA,NA,NA,NA,NA,NA,"day 8-10 sucrose","2","Sucrose drinking","percent",NA,NA,NA,NA,NA,NA,NA,NA,NA,NA,NA,NA,NA,"032627_4/10/2024_Sucrose","032627_4/10/2024_Sucrose","yes",NA,"Kumar Lab","yes","Cxxc4","SPT5: 2 day water, 3 days 0.25% sucrose, 2 days 0.5% sucrose, 2 days 2% 2-bottle choice sucrose vs water skip weekend work",NA,NA,14.6999969482422,1.19999694824219,0.924528479576111,14.6999969482422,1.1999969482422,0.92452846485007,4,"eligible",TRUE,FALSE
30287,"Sucrose","SUC0134A","032988","B6NJ-Cxxc4-/- Cyfip2-S968F<J>","M",2024-04-10,2023-12-21,"Orianna",111,15.8571428571429,NA,NA,78.8000030517578,81.0999984741211,74,77.9000015258789,2,NA,NA,NA,NA,NA,NA,"day 8-10 sucrose","2","Sucrose drinking","percent",NA,NA,NA,NA,NA,NA,NA,NA,NA,NA,NA,NA,NA,"032988_4/10/2024_Sucrose","032988_4/10/2024_Sucrose","yes",NA,"Kumar Lab","yes","Cxxc4","SPT5: 2 day water, 3 days 0.25% sucrose, 2 days 0.5% sucrose, 2 days 2% 2-bottle choice sucrose vs water skip weekend work",NA,NA,4.80000305175781,3.19999694824219,0.600000381469727,4.8000030517578,3.19999694824219,0.600000381469726,4,"eligible",FALSE,TRUE
39891,"Sucrose",NA,"040301","B6NJ-Cxxc4-/- Cyfip2-S968F<J>","M",2025-01-15,2024-08-26,NA,142,20.2857142857143,NA,NA,96.5999984741211,94.5999984741211,80.4000015258789,92.0999984741211,2,NA,NA,NA,NA,NA,NA,"day 8-10 sucrose","2","Sucrose drinking","percent",NA,NA,NA,NA,NA,NA,NA,NA,NA,NA,NA,NA,NA,"040301_1/15/2025_Sucrose","040301_1/15/2025_Sucrose","yes",NA,"Kumar Lab","yes","Cxxc4",NA,NA,NA,16.1999969482422,2.5,0.866310119628906,16.1999969482422,2.5,0.86631013861021,4,"eligible",TRUE,FALSE
50016,"Sucrose","SUC0371","055448","B6NJ-Cyfip2-S968F<J> (GET204)","M",2025-11-12,2025-09-04,"Fionna",69,9.85714285714286,NA,29.3500003814697,95.7600021362305,96.6699981689453,85.2699966430664,93.7600021362305,2,NA,NA,NA,NA,NA,NA,"day 1-3, both water days","0","Both Water Bottles","Percent",NA,NA,NA,NA,NA,NA,NA,NA,NA,NA,NA,NA,278209.709437697,"055448_11/12/2025_Sucrose","055448_11/12/2025_Sucrose","yes",NA,"Kumar Lab","no","GET204","SPT5: 2 day water, 3 days 0.25% sucrose, 2 days 0.5% sucrose, 2 days 2% 2-bottle choice sucrose vs water skip weekend work",NA,NA,10.4900054931641,2.90999603271484,0.782836139202118,10.4900054931641,2.9099960327148,0.782836141690369,1,"eligible",TRUE,FALSE
30181,"Sucrose","SUC0129","032678","B6NJ-Cyfip2-S968F<J> (GET204)","M",2024-04-05,2024-01-01,"Orianna",95,13.5714285714286,NA,NA,82.3000030517578,82.3000030517578,80.9000015258789,80.5,3,NA,NA,NA,NA,NA,NA,"day 3-6 sucrose","0.5","Sucrose drinking","percent",NA,NA,NA,NA,NA,NA,NA,NA,NA,NA,NA,NA,NA,"032678_4/5/2024_Sucrose","032678_4/5/2024_Sucrose","yes",NA,"Kumar Lab","no","GET204","SPT5: 2 day water, 3 days 0.25% sucrose, 2 days 0.5% sucrose, 2 days 2% 2-bottle choice sucrose vs water skip weekend work",NA,NA,1.40000152587891,1.80000305175781,0.437499850988388,1.40000152587889,1.8000030517578,0.437499850988601,2,"eligible",TRUE,FALSE
32511,"Sucrose","SUC0165","035018","B6NJ-Cyfip2-S968F<J> (GET204)","M",2024-06-10,2024-03-05,"Orianna",97,13.8571428571429,NA,NA,79.8000030517578,73.5999984741211,77.6999969482422,69.3000030517578,2,NA,NA,NA,NA,NA,NA,"day 6-8 sucrose","0.5","Sucrose drinking","percent",NA,NA,NA,NA,NA,NA,NA,NA,NA,NA,NA,NA,NA,"035018_6/10/2024_Sucrose","035018_6/10/2024_Sucrose","yes",NA,"Kumar Lab","no","GET204","SPT5: 2 day water, 3 days 0.25% sucrose, 2 days 0.5% sucrose, 2 days 2% 2-bottle choice sucrose vs water skip weekend work",NA,NA,2.10000610351563,4.29999542236328,0.328125864267349,2.1000061035156,4.2999954223633,0.328125875443008,3,"eligible",FALSE,TRUE
32512,"Sucrose","SUC0165","035019","B6NJ-Cyfip2-S968F<J> (GET204)","M",2024-06-10,2024-03-05,"Orianna",97,13.8571428571429,NA,NA,80.4000015258789,79.3000030517578,78.9000015258789,75.1999969482422,2,NA,NA,NA,NA,NA,NA,"day 6-8 sucrose","0.5","Sucrose drinking","percent",NA,NA,NA,NA,NA,NA,NA,NA,NA,NA,NA,NA,NA,"035019_6/10/2024_Sucrose","035019_6/10/2024_Sucrose","yes",NA,"Kumar Lab","no","GET204","SPT5: 2 day water, 3 days 0.25% sucrose, 2 days 0.5% sucrose, 2 days 2% 2-bottle choice sucrose vs water skip weekend work",NA,NA,1.5,4.10000610351563,0.26785683631897,1.5,4.1000061035156,0.267856850916345,3,"eligible",FALSE,TRUE
50794,"Sucrose","SUC0402","056295","B6NJ-Cyfip2-S968F<J> (GET204)","M",2025-12-15,2025-09-25,"Fionna",81,11.5714285714286,NA,NA,94.0599975585938,82.1500015258789,90.6699981689453,75.9400024414063,2,NA,NA,NA,NA,NA,NA,"day 6-8 sucrose","0.5","Sucrose drinking","percent",NA,NA,NA,NA,NA,NA,NA,NA,NA,NA,NA,NA,NA,"056295_12/15/2025_Sucrose","056295_12/15/2025_Sucrose","yes",NA,"Kumar Lab","no","GET204","SPT5: 2 day water, 3 days 0.25% sucrose, 2 days 0.5% sucrose, 2 days 2% 2-bottle choice sucrose vs water skip weekend work",NA,NA,3.38999938964844,6.20999908447266,0.353125005960464,3.38999938964851,6.2099990844726,0.353124992549425,3,"eligible",FALSE,TRUE
30278,"Sucrose","SUC0129","032677","B6NJ-Cyfip2-S968F<J> (GET204)","M",2024-04-10,2024-01-01,"Orianna",100,14.2857142857143,NA,NA,77.0999984741211,76.4000015258789,56.2999992370605,74.1999969482422,2,NA,NA,NA,NA,NA,NA,"day 8-10 sucrose","2","Sucrose drinking","percent",NA,NA,NA,NA,NA,NA,NA,NA,NA,NA,NA,NA,NA,"032677_4/10/2024_Sucrose","032677_4/10/2024_Sucrose","yes",NA,"Kumar Lab","no","GET204","SPT5: 2 day water, 3 days 0.25% sucrose, 2 days 0.5% sucrose, 2 days 2% 2-bottle choice sucrose vs water skip weekend work",NA,NA,20.7999992370605,2.20000457763672,0.904347658157349,20.7999992370606,2.2000045776367,0.90434764292383,4,"eligible",TRUE,FALSE
31592,"Sucrose","SUC0150","033378","B6NJ-Cyfip2-S968F<J> (GET204)","F",2024-05-15,2024-01-18,"Orianna",118,16.8571428571429,NA,NA,80.1999969482422,79.5999984741211,56.7000007629395,79,2,NA,NA,NA,NA,NA,NA,"day 8-10 sucrose","2","Sucrose drinking","percent",NA,NA,NA,NA,NA,NA,NA,NA,NA,NA,NA,NA,NA,"033378_5/15/2024_Sucrose","033378_5/15/2024_Sucrose","yes",NA,"Kumar Lab","no","GET204","SPT5: 2 day water, 3 days 0.25% sucrose, 2 days 0.5% sucrose, 2 days 2% 2-bottle choice sucrose vs water skip weekend work",NA,NA,23.4999961853027,0.599998474121094,0.975103795528412,23.4999961853027,0.599998474121094,0.975103792237295,4,"eligible",TRUE,TRUE
32555,"Sucrose","SUC0165","034850","B6NJ-Cyfip2-S968F<J> (GET204)","F",2024-06-12,2024-02-24,"Orianna",109,15.5714285714286,NA,NA,77.8000030517578,79.8000030517578,63.5,79.3000030517578,2,NA,NA,NA,NA,NA,NA,"Significant sucrose consumption is correct - OG , day 8-10 sucrose","2","Sucrose drinking","percent",NA,NA,NA,NA,NA,NA,NA,NA,NA,NA,NA,NA,NA,"034850_6/12/2024_Sucrose","034850_6/12/2024_Sucrose","yes",NA,"Kumar Lab","no","GET204","SPT5: 2 day water, 3 days 0.25% sucrose, 2 days 0.5% sucrose, 2 days 2% 2-bottle choice sucrose vs water skip weekend work",NA,NA,14.3000030517578,0.5,0.966216206550598,14.3000030517578,0.5,0.966216223182426,4,"eligible",FALSE,TRUE
32559,"Sucrose","SUC0165","035019","B6NJ-Cyfip2-S968F<J> (GET204)","M",2024-06-12,2024-03-05,"Orianna",99,14.1428571428571,NA,NA,76.9000015258789,75.1999969482422,70.6999969482422,73.1999969482422,2,NA,NA,NA,NA,NA,NA,"day 8-10 sucrose","2","Sucrose drinking","percent",NA,NA,NA,NA,NA,NA,NA,NA,NA,NA,NA,NA,NA,"035019_6/12/2024_Sucrose","035019_6/12/2024_Sucrose","yes",NA,"Kumar Lab","no","GET204","SPT5: 2 day water, 3 days 0.25% sucrose, 2 days 0.5% sucrose, 2 days 2% 2-bottle choice sucrose vs water skip weekend work",NA,NA,6.20000457763672,2,0.756097674369812,6.2000045776367,2,0.756097697133675,4,"eligible",FALSE,TRUE
42056,"Sucrose","SUC0267","045493","B6NJ-Cyfip2-S968F<J> (GET204)","M",2025-03-26,2024-12-29,"Fionna",87,12.4285714285714,NA,NA,98.6999969482422,95.4000015258789,87.5,84.1999969482422,2,NA,NA,NA,NA,NA,NA,"day 8-10 sucrose","2","Sucrose drinking","percent",NA,NA,NA,NA,NA,NA,NA,NA,NA,NA,NA,NA,NA,"045493_3/26/2025_Sucrose","045493_3/26/2025_Sucrose","yes",NA,"Kumar Lab","no","GET204","SPT5: 2 day water, 3 days 0.25% sucrose, 2 days 0.5% sucrose, 2 days 2% 2-bottle choice sucrose vs water skip weekend work",NA,NA,11.1999969482422,11.2000045776367,0.499999821186066,11.1999969482422,11.2000045776367,0.499999829701027,4,"eligible",FALSE,TRUE
50088,"Sucrose","SUC0366","054706","B6NJ-Cyfip2-S968F<J> (GET204)","F",2025-11-19,2025-08-16,"Fionna",95,13.5714285714286,NA,NA,97.25,86.9300003051758,90.6699981689453,84.629997253418,2,NA,NA,NA,NA,NA,NA,"day 8-10 sucrose","2","Sucrose drinking","percent",NA,NA,NA,NA,NA,NA,NA,NA,NA,NA,NA,NA,NA,"054706_11/19/2025_Sucrose","054706_11/19/2025_Sucrose","yes",NA,"Kumar Lab","no","GET204","SPT5: 2 day water, 3 days 0.25% sucrose, 2 days 0.5% sucrose, 2 days 2% 2-bottle choice sucrose vs water skip weekend work",NA,NA,6.58000183105469,2.30000305175781,0.740990817546844,6.5800018310547,2.3000030517578,0.740990789745001,4,"eligible",FALSE,TRUE
50104,"Sucrose","SUC0371","055446","B6NJ-Cyfip2-S968F<J> (GET204)","M",2025-11-19,2025-09-04,"Fionna",76,10.8571428571429,NA,NA,93.5100021362305,93.5100021362305,83.1699981689453,89.9199981689453,2,NA,NA,NA,NA,NA,NA,"day 8-10 sucrose","2","Sucrose drinking","percent",NA,NA,NA,NA,NA,NA,NA,NA,NA,NA,NA,NA,NA,"055446_11/19/2025_Sucrose","055446_11/19/2025_Sucrose","yes",NA,"Kumar Lab","no","GET204","SPT5: 2 day water, 3 days 0.25% sucrose, 2 days 0.5% sucrose, 2 days 2% 2-bottle choice sucrose vs water skip weekend work",NA,NA,10.3400039672852,3.59000396728516,0.742282688617706,10.3400039672852,3.5900039672852,0.742282704780389,4,"eligible",FALSE,TRUE
50105,"Sucrose","SUC0371","055447","B6NJ-Cyfip2-S968F<J> (GET204)","M",2025-11-19,2025-09-04,"Fionna",76,10.8571428571429,NA,NA,95.7399978637695,95.7399978637695,87.1900024414063,90.9499969482422,2,NA,NA,NA,NA,NA,NA,"day 8-10 sucrose","2","Sucrose drinking","percent",NA,NA,NA,NA,NA,NA,NA,NA,NA,NA,NA,NA,NA,"055447_11/19/2025_Sucrose","055447_11/19/2025_Sucrose","yes",NA,"Kumar Lab","no","GET204","SPT5: 2 day water, 3 days 0.25% sucrose, 2 days 0.5% sucrose, 2 days 2% 2-bottle choice sucrose vs water skip weekend work",NA,NA,8.54999542236328,4.79000091552734,0.640929341316223,8.5499954223632,4.7900009155273,0.64092936802974,4,"eligible",FALSE,TRUE
52325,"Sucrose","SUC0416","056994","B6NJ-Cyfip2-S968F<J> (GET204)","M",2026-02-11,2025-11-07,"Fionna",96,13.7142857142857,NA,NA,94.0800018310547,95.5,77.0100021362305,93.7300033569336,2,NA,NA,NA,NA,NA,NA,"day 8-10 sucrose","2","Sucrose drinking","percent",NA,NA,NA,NA,NA,NA,NA,NA,NA,NA,NA,NA,NA,"056994_2/11/2026_Sucrose","056994_2/11/2026_Sucrose","yes",NA,"Kumar Lab","no","GET204","SPT5: 2 day water, 3 days 0.25% sucrose, 2 days 0.5% sucrose, 2 days 2% 2-bottle choice sucrose vs water skip weekend work",NA,NA,17.0699996948242,1.76999664306641,0.906051099300385,17.0699996948242,1.76999664306641,0.906051115333466,4,"eligible",TRUE,FALSE
18970,"Sucrose","SUC0041","021586","B6NJ-Fndc4-/- Cyfip2-S968F<J>","F",2023-07-04,2023-04-14,"Marina",81,11.5714285714286,NA,21.6000003814697,86.0999984741211,77.3000030517578,79.8000030517578,75.9000015258789,2,NA,NA,NA,NA,NA,NA,"Day 7- 9","2","Sucrose Drinking","Percent",NA,NA,NA,NA,NA,NA,NA,NA,NA,NA,NA,NA,318091.673708109,"021586_7/4/2023_Sucrose","021586_7/4/2023_Sucrose","yes",NA,"Kumar Lab","yes","Fndc4","SPT4: 2 day water, 2 days each with increasing dose of sucrose (0.25%, 0.5%, 2%) 2-bottle choice",NA,0.000291666449588026,6.29999542236328,1.40000152587891,0.818181574344635,6.2999954223633,1.40000152587889,0.818181547955224,4,"eligible",FALSE,TRUE
27736,"Sucrose","SUC0097","030995","B6NJ-Fndc4-/- Cyfip2-S968F<J>","M",2024-02-13,2023-11-15,"Misty",90,12.8571428571429,NA,27.5,83.6999969482422,67.5,77,65.9000015258789,2,NA,NA,NA,NA,NA,NA,"Days 7-9","2","Sucrose","percent",NA,NA,NA,NA,NA,NA,NA,NA,NA,NA,NA,NA,234359.996448864,"030995_2/13/2024_Sucrose","030995_2/13/2024_Sucrose","yes",NA,"Kumar Lab","yes","Fndc4","SPT4: 2 day water, 2 days each with increasing dose of sucrose (0.25%, 0.5%, 2%) 2-bottle choice",NA,0.000243636252663352,6.69999694824219,1.59999847412109,0.807228982448578,6.6999969482422,1.59999847412109,0.807228993185936,4,"eligible",FALSE,TRUE
47885,"Sucrose","SUC0330","050648","B6NJ-Gigyf2-/- Cyfip2-S968F<J>","F",2025-08-20,2025-05-03,"Fionna",109,15.5714285714286,NA,18.1200008392334,96.2099990844727,102.110000610352,91.7300033569336,96.4499969482422,2,NA,NA,NA,NA,NA,NA,"day 1-3, both water days","0","Both Water Bottles","Percent",NA,NA,NA,NA,NA,NA,NA,NA,NA,NA,NA,NA,487049.85326995,"050648_8/20/2025_Sucrose","050648_8/20/2025_Sucrose","yes",NA,"Kumar Lab","yes","Gigf2tm1b","SPT5: 2 day water, 3 days 0.25% sucrose, 2 days 0.5% sucrose, 2 days 2% 2-bottle choice sucrose vs water skip weekend work",NA,NA,4.47999572753906,5.66000366210938,0.441814213991165,4.47999572753911,5.6600036621098,0.441814200907385,1,"eligible",TRUE,FALSE
39866,"Sucrose","SUC0237","041131","B6NJ-Gigyf2-/- Cyfip2-S968F<J>","M",2025-01-13,2024-09-06,"Fionna",129,18.4285714285714,NA,NA,96.0999984741211,90.5,94.8000030517578,84.3000030517578,2,NA,NA,NA,NA,NA,NA,"day 6-8 sucrose","0.5","Sucrose drinking","percent",NA,NA,NA,NA,NA,NA,NA,NA,NA,NA,NA,NA,NA,"041131_1/13/2025_Sucrose","041131_1/13/2025_Sucrose","yes",NA,"Kumar Lab","yes","Gigf2tm1b","SPT5: 2 day water, 3 days 0.25% sucrose, 2 days 0.5% sucrose, 2 days 2% 2-bottle choice sucrose vs water skip weekend work",NA,NA,1.29999542236328,6.19999694824219,0.173332899808884,1.2999954223633,6.1999969482422,0.173332899305115,3,"eligible",FALSE,TRUE
39868,"Sucrose","SUC0237","041375","B6NJ-Gigyf2-/- Cyfip2-S968F<J>","M",2025-01-13,2024-09-08,"Fionna",127,18.1428571428571,NA,NA,102.099998474121,100.199996948242,99.9000015258789,91.1999969482422,2,NA,NA,NA,NA,NA,NA,"day 6-8 sucrose","0.5","Sucrose drinking","percent",NA,NA,NA,NA,NA,NA,NA,NA,NA,NA,NA,NA,NA,"041375_1/13/2025_Sucrose","041375_1/13/2025_Sucrose","yes",NA,"Kumar Lab","yes","Gigf2tm1b","SPT5: 2 day water, 3 days 0.25% sucrose, 2 days 0.5% sucrose, 2 days 2% 2-bottle choice sucrose vs water skip weekend work",NA,NA,2.19999694824219,9,0.19642835855484,2.19999694824209,8.9999999999998,0.19642835247267,3,"eligible",FALSE,TRUE
46444,"Sucrose","SUC0315","050215","B6NJ-Igsf9b-/- Cyfip2-S968F<J>","F",2025-07-28,2025-04-15,"Fionna",104,14.8571428571429,NA,NA,94.5,86.1999969482422,92.4000015258789,80.3000030517578,2,NA,NA,NA,NA,NA,NA,"day 6-8 sucrose","0.5","Sucrose drinking","percent",NA,NA,NA,NA,NA,NA,NA,NA,NA,NA,NA,NA,NA,"050215_7/28/2025_Sucrose","050215_7/28/2025_Sucrose","yes",NA,"Kumar Lab","yes","Igsf9b","SPT5: 2 day water, 3 days 0.25% sucrose, 2 days 0.5% sucrose, 2 days 2% 2-bottle choice sucrose vs water skip weekend work",NA,NA,2.09999847412109,5.89999389648438,0.262500047683716,2.09999847412109,5.8999938964844,0.262500059604701,3,"eligible",TRUE,FALSE
46496,"Sucrose","SUC0315","050218","B6NJ-Igsf9b-/- Cyfip2-S968F<J>","M",2025-07-30,2025-04-15,"Fionna",106,15.1428571428571,NA,NA,96.6999969482422,92.0999984741211,79.75,89.6100006103516,2,NA,NA,NA,NA,NA,NA,"day 8-10 sucrose","2","Sucrose drinking","percent",NA,NA,NA,NA,NA,NA,NA,NA,NA,NA,NA,NA,NA,"050218_7/30/2025_Sucrose","050218_7/30/2025_Sucrose","yes",NA,"Kumar Lab","yes","Igsf9b","SPT5: 2 day water, 3 days 0.25% sucrose, 2 days 0.5% sucrose, 2 days 2% 2-bottle choice sucrose vs water skip weekend work",NA,NA,16.9499969482422,2.48999786376953,0.87191367149353,16.9499969482422,2.48999786376949,0.871913655952678,4,"eligible",TRUE,FALSE
20131,"Sucrose","SUC0043","023914","B6NJ-Isca1+/- Cyfip2-S968F<J>","M",2023-08-01,2023-05-27,"Marina",66,9.42857142857143,NA,25,81.5999984741211,76.9000015258789,69.9000015258789,76,2,NA,NA,NA,NA,NA,NA,"Day 7-9","2","Sucrose Drinking","Percent",NA,NA,NA,NA,NA,NA,NA,NA,NA,NA,NA,NA,228153.59375,"023914_8/1/2023_Sucrose","023914_8/1/2023_Sucrose","yes",NA,"Kumar Lab","yes","Isca1tm1b","SPT4: 2 day water, 2 days each with increasing dose of sucrose (0.25%, 0.5%, 2%) 2-bottle choice",NA,0.000467999877929687,11.6999969482422,0.900001525878906,0.928571283817291,11.6999969482422,0.900001525878906,0.928571298819805,4,"eligible",TRUE,FALSE
26379,"Sucrose","SUC0081","030355","B6NJ-Isca1+/- Cyfip2-S968F<J>","M",2024-01-16,2023-10-30,"Misty",78,11.1428571428571,NA,24.7000007629395,84,80.9000015258789,73.8000030517578,79.8000030517578,2,NA,NA,NA,NA,NA,NA,"Days 7-9","2","Sucrose","percent",NA,NA,NA,NA,NA,NA,NA,NA,NA,NA,NA,NA,250979.757240087,"030355_1/16/2024_Sucrose","030355_1/16/2024_Sucrose","yes",NA,"Kumar Lab","yes","Isca1tm1b","SPT4: 2 day water, 2 days each with increasing dose of sucrose (0.25%, 0.5%, 2%) 2-bottle choice",NA,0.000412955329278635,10.1999969482422,1.09999847412109,0.902654945850372,10.1999969482422,1.09999847412111,0.902654962855635,4,"eligible",TRUE,FALSE
26383,"Sucrose","SUC0081","030366","B6NJ-Isca1+/- Cyfip2-S968F<J>","M",2024-01-16,2023-10-25,"Misty",83,11.8571428571429,NA,23.5,83.6999969482422,74.9000015258789,79.0999984741211,73.3000030517578,2,NA,NA,NA,NA,NA,NA,"Days 7-9","2","Sucrose","percent",NA,NA,NA,NA,NA,NA,NA,NA,NA,NA,NA,NA,281730.614195479,"030366_1/16/2024_Sucrose","030366_1/16/2024_Sucrose","yes",NA,"Kumar Lab","yes","Isca1tm1b","SPT4: 2 day water, 2 days each with increasing dose of sucrose (0.25%, 0.5%, 2%) 2-bottle choice",NA,0.000195744615920047,4.59999847412109,1.59999847412109,0.741935610771179,4.59999847412111,1.59999847412111,0.741935602956268,4,"eligible",TRUE,FALSE
27752,"Sucrose","SUC0100","031011","B6NJ-Isca1+/- Cyfip2-S968F<J>","F",2024-02-13,2023-11-15,"Misty",90,12.8571428571429,NA,20.3999996185303,83.0999984741211,75.0999984741211,71.5,73.3000030517578,2,NA,NA,NA,NA,NA,NA,"Days 7-9","2","Sucrose","percent",NA,NA,NA,NA,NA,NA,NA,NA,NA,NA,NA,NA,291257.353600471,"031011_2/13/2024_Sucrose","031011_2/13/2024_Sucrose","yes",NA,"Kumar Lab","yes","Isca1tm1b","SPT4: 2 day water, 2 days each with increasing dose of sucrose (0.25%, 0.5%, 2%) 2-bottle choice",NA,0.000568627386815452,11.5999984741211,1.79999542236328,0.865671932697296,11.5999984741211,1.7999954223633,0.865671922221133,4,"eligible",TRUE,FALSE
46360,"Sucrose","SUC0320","050103","B6NJ-Kbtbd7-/- Cyfip2-S968F<J>","M",2025-07-23,2025-04-12,"Fionna",102,14.5714285714286,NA,29.7999992370605,95.3000030517578,94.4000015258789,94,89.5999984741211,2,NA,NA,NA,NA,NA,NA,"day 1-3, both water days","0","Both Water Bottles","Percent",NA,NA,NA,NA,NA,NA,NA,NA,NA,NA,NA,NA,300610.752505379,"050103_7/23/2025_Sucrose","050103_7/23/2025_Sucrose","yes",NA,"Kumar Lab","yes","Kbtbd7","SPT5: 2 day water, 3 days 0.25% sucrose, 2 days 0.5% sucrose, 2 days 2% 2-bottle choice sucrose vs water skip weekend work",NA,NA,1.30000305175781,4.80000305175781,0.213115036487579,1.3000030517578,4.80000305175781,0.213115041148659,1,"eligible",FALSE,TRUE
46351,"Sucrose","SUC0316","049883","B6NJ-Kcnb2-/- Cyfip2-S968F<J>","F",2025-07-23,2025-04-10,"Fionna",104,14.8571428571429,NA,22.2000007629395,95.6999969482422,94.0999984741211,88.3000030517578,92.4000015258789,2,NA,NA,NA,NA,NA,NA,"day 1-3, both water days","0","Both Water Bottles","Percent",NA,NA,NA,NA,NA,NA,NA,NA,NA,NA,NA,NA,380644.562157826,"049883_7/23/2025_Sucrose","049883_7/23/2025_Sucrose","yes",NA,"Kumar Lab","no","Kcnb2","SPT5: 2 day water, 3 days 0.25% sucrose, 2 days 0.5% sucrose, 2 days 2% 2-bottle choice sucrose vs water skip weekend work",NA,NA,7.39999389648438,1.69999694824219,0.813186943531036,7.3999938964844,1.69999694824219,0.813186960597073,1,"eligible",TRUE,FALSE
43004,"Sucrose","SUC0275","047017","B6NJ-Kcnb2-/- Cyfip2-S968F<J>","M",2025-04-21,2025-01-27,"Fionna",84,12,NA,NA,99.6999969482422,94.1999969482422,98,85.8000030517578,2,NA,NA,NA,NA,NA,NA,"day 6-8 sucrose","0.5","Sucrose drinking","percent",NA,NA,NA,NA,NA,NA,NA,NA,NA,NA,NA,NA,NA,"047017_4/21/2025_Sucrose","047017_4/21/2025_Sucrose","yes",NA,"Kumar Lab","no","Kcnb2","SPT5: 2 day water, 3 days 0.25% sucrose, 2 days 0.5% sucrose, 2 days 2% 2-bottle choice sucrose vs water skip weekend work",NA,NA,1.69999694824219,8.39999389648438,0.168316677212715,1.6999969482422,8.3999938964844,0.168316682101727,3,"eligible",FALSE,TRUE
30143,"Sucrose","SUC0117","032087","B6NJ-Kcnd3-/- Cyfip2-S968F<J>","M",2024-04-05,2023-12-17,"Orianna",110,15.7142857142857,NA,NA,82.0999984741211,81.9000015258789,70.6999969482422,79.9000015258789,3,NA,NA,NA,NA,NA,NA,"day 3-6 sucrose","0.5","Sucrose drinking","percent",NA,NA,NA,NA,NA,NA,NA,NA,NA,NA,NA,NA,NA,"032087_4/5/2024_Sucrose","032087_4/5/2024_Sucrose","yes",NA,"Kumar Lab","yes","Kcnd3","SPT5: 2 day water, 3 days 0.25% sucrose, 2 days 0.5% sucrose, 2 days 2% 2-bottle choice sucrose vs water skip weekend work",NA,NA,11.4000015258789,2,0.850746273994446,11.4000015258789,2,0.85074628565247,2,"eligible",TRUE,FALSE
27766,"Sucrose","SUC0104","031503","B6NJ-Kcnd3-/- Cyfip2-S968F<J>","M",2024-02-13,2023-11-28,"Misty",77,11,NA,22,82.9000015258789,68.6999969482422,78.8000030517578,64.6999969482422,2,NA,NA,NA,NA,NA,NA,"Days 7-9","2","Sucrose","percent",NA,NA,NA,NA,NA,NA,NA,NA,NA,NA,NA,NA,296932.750355114,"031503_2/13/2024_Sucrose","031503_2/13/2024_Sucrose","yes",NA,"Kumar Lab","yes","Kcnd3","SPT4: 2 day water, 2 days each with increasing dose of sucrose (0.25%, 0.5%, 2%) 2-bottle choice",NA,0.000186363567005504,4.09999847412109,4,0.506172776222229,4.09999847412111,4,0.50617274647894,4,"eligible",FALSE,TRUE
39872,"Sucrose","SUC0210","041379","B6NJ-Kcnd3-/- Cyfip2-S968F<J>","M",2025-01-15,2024-09-12,"Fionna",125,17.8571428571429,NA,NA,95.4000015258789,95.1999969482422,87.5999984741211,83.5999984741211,2,NA,NA,NA,NA,NA,NA,"day 8-10 sucrose","2","Sucrose drinking","percent",NA,NA,NA,NA,NA,NA,NA,NA,NA,NA,NA,NA,NA,"041379_1/15/2025_Sucrose","041379_1/15/2025_Sucrose","yes",NA,"Kumar Lab","yes","Kcnd3","SPT5: 2 day water, 3 days 0.25% sucrose, 2 days 0.5% sucrose, 2 days 2% 2-bottle choice sucrose vs water skip weekend work",NA,NA,7.80000305175781,11.5999984741211,0.402061969041824,7.80000305175781,11.5999984741211,0.402061981353604,4,"eligible",FALSE,TRUE
39877,"Sucrose","SUC0210","042071","B6NJ-Kcnd3-/- Cyfip2-S968F<J>","M",2025-01-15,2024-09-28,"Fionna",109,15.5714285714286,NA,NA,101.199996948242,96.5,91.6999969482422,84.5999984741211,2,NA,NA,NA,NA,NA,NA,"day 8-10 sucrose","2","Sucrose drinking","percent",NA,NA,NA,NA,NA,NA,NA,NA,NA,NA,NA,NA,NA,"042071_1/15/2025_Sucrose","042071_1/15/2025_Sucrose","yes",NA,"Kumar Lab","yes","Kcnd3","SPT5: 2 day water, 3 days 0.25% sucrose, 2 days 0.5% sucrose, 2 days 2% 2-bottle choice sucrose vs water skip weekend work",NA,NA,9.5,11.9000015258789,0.443925201892853,9.4999999999998,11.9000015258789,0.443925201991766,4,"eligible",FALSE,TRUE
30271,"Sucrose","SUC0135","032966","B6NJ-Lcorl-/- Cyfip2-S968F<J>","F",2024-04-10,2024-01-02,"Orianna",99,14.1428571428571,NA,NA,74.6999969482422,79.0999984741211,63.0999984741211,77.6999969482422,2,NA,NA,NA,NA,NA,NA,"day 8-10 sucrose","2","Sucrose drinking","percent",NA,NA,NA,NA,NA,NA,NA,NA,NA,NA,NA,NA,NA,"032966_4/10/2024_Sucrose","032966_4/10/2024_Sucrose","yes",NA,"Kumar Lab","retired","Lcorl","SPT5: 2 day water, 3 days 0.25% sucrose, 2 days 0.5% sucrose, 2 days 2% 2-bottle choice sucrose vs water skip weekend work",NA,NA,11.5999984741211,1.40000152587891,0.892307579517365,11.5999984741211,1.40000152587889,0.892307574932393,4,"eligible",TRUE,FALSE
18959,"Sucrose","SUC0040","022350","B6NJ-Macrod2-/- Cyfip2-S968F<J>","F",2023-07-02,2023-04-24,"Marina",69,9.85714285714286,NA,20.2999992370605,77.6999969482422,78.5999984741211,74.6999969482422,75.3000030517578,2,NA,NA,NA,NA,NA,NA,"Day 5- 7","0.5","Sucrose Drinking","Percent",NA,NA,NA,NA,NA,NA,NA,NA,NA,NA,NA,NA,285920.673461338,"022350_7/2/2023_Sucrose","022350_7/2/2023_Sucrose","yes",NA,"Kumar Lab","yes","Macrod2","SPT4: 2 day water, 2 days each with increasing dose of sucrose (0.25%, 0.5%, 2%) 2-bottle choice",NA,3.69458141964246e-05,3,3.29999542236328,0.476190835237503,3,3.2999954223633,0.476190822195014,3,"eligible",FALSE,TRUE
30144,"Sucrose","SUC0118","032118","B6NJ-Macrod2-/- Cyfip2-S968F<J>","M",2024-04-05,2023-12-15,"Orianna",112,16,NA,NA,81.1999969482422,80.1999969482422,73.5999984741211,78.1999969482422,3,NA,NA,NA,NA,NA,NA,"day 3-6 sucrose","0.5","Sucrose drinking","percent",NA,NA,NA,NA,NA,NA,NA,NA,NA,NA,NA,NA,NA,"032118_4/5/2024_Sucrose","032118_4/5/2024_Sucrose","yes",NA,"Kumar Lab","yes","Macrod2","SPT5: 2 day water, 3 days 0.25% sucrose, 2 days 0.5% sucrose, 2 days 2% 2-bottle choice sucrose vs water skip weekend work",NA,NA,7.59999847412109,2,0.791666626930237,7.59999847412111,2,0.79166663355297,2,"eligible",TRUE,FALSE
29561,"Sucrose","SUC0112","031592","B6NJ-Macrod2-/- Cyfip2-S968F<J>","F",2024-03-13,2023-12-05,"Orianna",99,14.1428571428571,NA,NA,82.4000015258789,83.3000030517578,66.3000030517578,82.3000030517578,2,NA,NA,NA,NA,NA,NA,"day 8-10 sucrose","2","Sucrose drinking","percent",NA,NA,NA,NA,NA,NA,NA,NA,NA,NA,NA,NA,NA,"031592_3/13/2024_Sucrose","031592_3/13/2024_Sucrose","yes",NA,"Kumar Lab","yes","Macrod2","SPT5: 2 day water, 3 days 0.25% sucrose, 2 days 0.5% sucrose, 2 days 2% 2-bottle choice sucrose vs water skip weekend work",NA,NA,16.0999984741211,1,0.94152045249939,16.0999984741211,1,0.941520462617971,4,"eligible",TRUE,FALSE
45510,"Sucrose","SUC0308","048973","B6NJ-Mast3-/- Cyfip2-S968F<J>","M",2025-07-02,2025-03-18,"Fionna",106,15.1428571428571,NA,NA,96.9000015258789,82.4000015258789,86.5,78.1999969482422,2,NA,NA,NA,NA,NA,NA,"day 8-10 sucrose","2","Sucrose drinking","percent",NA,NA,NA,NA,NA,NA,NA,NA,NA,NA,NA,NA,NA,"048973_7/2/2025_Sucrose","048973_7/2/2025_Sucrose","yes",NA,"Kumar Lab","yes","Mast3","SPT5: 2 day water, 3 days 0.25% sucrose, 2 days 0.5% sucrose, 2 days 2% 2-bottle choice sucrose vs water skip weekend work",NA,NA,10.4000015258789,4.20000457763672,0.712328553199768,10.4000015258789,4.2000045776367,0.712328573847283,4,"eligible",FALSE,TRUE
50825,"Sucrose","SUC0383","055943","B6NJ-Mast3-/- Cyfip2-S968F<J>","F",2025-12-17,2025-09-25,"Fionna",83,11.8571428571429,NA,NA,93.9700012207031,82.4400024414063,77.5400009155273,79.9599990844727,2,NA,NA,NA,NA,NA,NA,"day 8-10 sucrose","2","Sucrose drinking","percent",NA,NA,NA,NA,NA,NA,NA,NA,NA,NA,NA,NA,NA,"055943_12/17/2025_Sucrose","055943_12/17/2025_Sucrose","yes",NA,"Kumar Lab","yes","Mast3","SPT5: 2 day water, 3 days 0.25% sucrose, 2 days 0.5% sucrose, 2 days 2% 2-bottle choice sucrose vs water skip weekend work",NA,NA,16.4300003051758,2.48000335693359,0.868852317333221,16.4300003051758,2.48000335693361,0.868852306892839,4,"eligible",TRUE,FALSE
39752,"Sucrose","SUC0227","040314","B6NJ-Myo5a+/- Cyfip2-S968F<J>","F",2025-01-08,2024-08-26,"Fionna",135,19.2857142857143,NA,25.2000007629395,94.0999984741211,94.5,82.9000015258789,91,2,NA,NA,NA,NA,NA,NA,"day 1-3, both water days","0","Both Water Bottles","Percent",NA,NA,NA,NA,NA,NA,NA,NA,NA,NA,NA,NA,309559.123037456,"040314_1/8/2025_Sucrose","040314_1/8/2025_Sucrose","yes",NA,"Kumar Lab","yes","Myo5a","SPT5: 2 day water, 3 days 0.25% sucrose, 2 days 0.5% sucrose, 2 days 2% 2-bottle choice sucrose vs water skip weekend work",NA,NA,11.1999969482422,3.5,0.761904716491699,11.1999969482422,3.5,0.761904712475568,1,"eligible",TRUE,FALSE
40554,"Sucrose","SUC0246","043985","B6NJ-Myo5a+/- Cyfip2-S968F<J>","M",2025-02-12,2024-11-14,"Fionna",90,12.8571428571429,NA,26.5,94.4000015258789,95.4000015258789,89.1999969482422,95,2,NA,NA,NA,NA,NA,NA,"day 1-3, both water days","0","Both Water Bottles","Percent",NA,NA,NA,NA,NA,NA,NA,NA,NA,NA,NA,NA,317753.943101415,"043985_2/12/2025_Sucrose","043985_2/12/2025_Sucrose","yes",NA,"Kumar Lab","yes","Myo5a","SPT5: 2 day water, 3 days 0.25% sucrose, 2 days 0.5% sucrose, 2 days 2% 2-bottle choice sucrose vs water skip weekend work",NA,NA,5.20000457763672,0.400001525878906,0.928571224212646,5.2000045776367,0.400001525878906,0.928571233944229,1,"eligible",FALSE,TRUE
37282,"Sucrose","SUC0220","039726","B6NJ-Myo5a+/- Cyfip2-S968F<J>","F",2024-11-27,2024-08-03,"Fionna",116,16.5714285714286,NA,NA,97.1999969482422,99.9000015258789,90.8000030517578,97.1999969482422,2,NA,NA,NA,NA,NA,NA,"day 8-10 sucrose","2","Sucrose drinking","percent",NA,NA,NA,NA,NA,NA,NA,NA,NA,NA,NA,NA,NA,"039726_11/27/2024_Sucrose","039726_11/27/2024_Sucrose","yes",NA,"Kumar Lab","yes","Myo5a","SPT5: 2 day water, 3 days 0.25% sucrose, 2 days 0.5% sucrose, 2 days 2% 2-bottle choice sucrose vs water skip weekend work",NA,NA,6.39999389648438,2.70000457763672,0.70329612493515,6.3999938964844,2.7000045776367,0.703296150508698,4,"eligible",FALSE,TRUE
53019,"Sucrose","SUC0422","058087","B6NJ-Ncald-/- Cyfip2-S968F<J>","M",2026-03-18,2025-12-30,"Fionna",78,11.1428571428571,NA,28.7999992370605,94.879997253418,93.0699996948242,91.6100006103516,90.9700012207031,2,NA,NA,NA,NA,NA,NA,"day 1-3, both water days","0","Both Water Bottles","Percent",NA,NA,NA,NA,NA,NA,NA,NA,NA,NA,NA,NA,301804.071580147,"058087_3/18/2026_Sucrose",NA,"no",NA,"Kumar Lab","no","Ncald","SPT5: 2 day water, 3 days 0.25% sucrose, 2 days 0.5% sucrose, 2 days 2% 2-bottle choice sucrose vs water skip weekend work",NA,NA,3.26999664306641,2.09999847412109,0.608938455581665,3.26999664306639,2.09999847412111,0.608938476051917,1,"flag_only",FALSE,TRUE
52330,"Sucrose","SUC0419","057048","B6NJ-Ncald-/- Cyfip2-S968F<J>","F",2026-02-11,2025-11-05,"Fionna",98,14,NA,NA,101.5,89.629997253418,92.879997253418,85.2699966430664,2,NA,NA,NA,NA,NA,NA,"day 8-10 sucrose","2","Sucrose drinking","percent",NA,NA,NA,NA,NA,NA,NA,NA,NA,NA,NA,NA,NA,"057048_2/11/2026_Sucrose","057048_2/11/2026_Sucrose","yes",NA,"Kumar Lab","no","Ncald","SPT5: 2 day water, 3 days 0.25% sucrose, 2 days 0.5% sucrose, 2 days 2% 2-bottle choice sucrose vs water skip weekend work",NA,NA,8.62000274658203,4.36000061035156,0.664098680019379,8.620002746582,4.36000061035159,0.664098653100688,4,"flag_only",FALSE,TRUE
45361,"Sucrose","SUC0302","048698","B6NJ-Nrsn1-/- Cyfip2-S968F<J>","M",2025-06-25,2025-03-13,"Fionna",104,14.8571428571429,NA,26.7000007629395,97.8000030517578,96.8000030517578,92.4000015258789,92,2,NA,NA,NA,NA,NA,NA,"day 1-3, both water days","0","Both Water Bottles","Percent",NA,NA,NA,NA,NA,NA,NA,NA,NA,NA,NA,NA,338453.949247383,"048698_6/25/2025_Sucrose","048698_6/25/2025_Sucrose","yes",NA,"Kumar Lab","yes","Nrsn1","SPT5: 2 day water, 3 days 0.25% sucrose, 2 days 0.5% sucrose, 2 days 2% 2-bottle choice sucrose vs water skip weekend work",NA,NA,5.40000152587891,4.80000305175781,0.529411673545837,5.40000152587889,4.8000030517578,0.529411676708292,1,"eligible",TRUE,FALSE
32471,"Sucrose","SUC0153","034166","B6NJ-Nrsn1-/- Cyfip2-S968F<J>","M",2024-06-10,2024-02-07,"Orianna",124,17.7142857142857,NA,NA,80.1999969482422,72.1999969482422,80,67.6999969482422,2,NA,NA,NA,NA,NA,NA,"day 6-8 sucrose","0.5","Sucrose drinking","percent",NA,NA,NA,NA,NA,NA,NA,NA,NA,NA,NA,NA,NA,"034166_6/10/2024_Sucrose","034166_6/10/2024_Sucrose","yes",NA,"Kumar Lab","yes","Nrsn1","SPT5: 2 day water, 3 days 0.25% sucrose, 2 days 0.5% sucrose, 2 days 2% 2-bottle choice sucrose vs water skip weekend work",NA,NA,0.199996948242188,4.5,0.0425525680184364,0.199996948242202,4.5,0.0425525698090082,3,"eligible",TRUE,FALSE
32472,"Sucrose","SUC0153","034167","B6NJ-Nrsn1-/- Cyfip2-S968F<J>","M",2024-06-10,2024-02-07,"Orianna",124,17.7142857142857,NA,NA,78.8000030517578,72.1999969482422,77.9000015258789,68.0999984741211,2,NA,NA,NA,NA,NA,NA,"day 6-8 sucrose","0.5","Sucrose drinking","percent",NA,NA,NA,NA,NA,NA,NA,NA,NA,NA,NA,NA,NA,"034167_6/10/2024_Sucrose","034167_6/10/2024_Sucrose","yes",NA,"Kumar Lab","yes","Nrsn1","SPT5: 2 day water, 3 days 0.25% sucrose, 2 days 0.5% sucrose, 2 days 2% 2-bottle choice sucrose vs water skip weekend work",NA,NA,0.900001525878906,4.09999847412109,0.180000305175781,0.900001525878892,4.09999847412111,0.180000305175778,3,"eligible",TRUE,FALSE
45453,"Sucrose","SUC0302","048698","B6NJ-Nrsn1-/- Cyfip2-S968F<J>","M",2025-06-30,2025-03-13,"Fionna",109,15.5714285714286,NA,NA,97,85.1999969482422,89,81.6999969482422,2,NA,NA,NA,NA,NA,NA,"day 6-8 sucrose","0.5","Sucrose drinking","percent",NA,NA,NA,NA,NA,NA,NA,NA,NA,NA,NA,NA,NA,"048698_6/30/2025_Sucrose","048698_6/30/2025_Sucrose","yes",NA,"Kumar Lab","yes","Nrsn1","SPT5: 2 day water, 3 days 0.25% sucrose, 2 days 0.5% sucrose, 2 days 2% 2-bottle choice sucrose vs water skip weekend work",NA,NA,8,3.5,0.695652186870575,8,3.5,0.695652173913043,3,"eligible",TRUE,FALSE
37270,"Sucrose","SUC0217","039293","B6NJ-Pcdh9+/- Cyfip2-S968F<J>","M",2024-11-27,2024-07-17,"Fionna",133,19,NA,NA,96.5,92.6999969482422,81.6999969482422,90.8000030517578,2,NA,NA,NA,NA,NA,NA,"day 8-10 sucrose","2","Sucrose drinking","percent",NA,NA,NA,NA,NA,NA,NA,NA,NA,NA,NA,NA,NA,"039293_11/27/2024_Sucrose","039293_11/27/2024_Sucrose","yes",NA,"Kumar Lab","yes","Pcdh9","SPT5: 2 day water, 3 days 0.25% sucrose, 2 days 0.5% sucrose, 2 days 2% 2-bottle choice sucrose vs water skip weekend work",NA,NA,14.8000030517578,1.89999389648438,0.886227905750275,14.8000030517578,1.8999938964844,0.886227889599441,4,"eligible",TRUE,TRUE
43075,"Sucrose","SUC0280","047469","B6NJ-Pcdh9+/- Cyfip2-S968F<J>","F",2025-04-23,2025-02-11,"Fionna",71,10.1428571428571,NA,NA,97.6999969482422,82,89.4000015258789,78.4000015258789,2,NA,NA,NA,NA,NA,NA,"day 8-10 sucrose","2","Sucrose drinking","percent",NA,NA,NA,NA,NA,NA,NA,NA,NA,NA,NA,NA,NA,"047469_4/23/2025_Sucrose","047469_4/23/2025_Sucrose","yes",NA,"Kumar Lab","yes","Pcdh9","SPT5: 2 day water, 3 days 0.25% sucrose, 2 days 0.5% sucrose, 2 days 2% 2-bottle choice sucrose vs water skip weekend work",NA,NA,8.29999542236328,3.59999847412109,0.697478950023651,8.2999954223633,3.59999847412109,0.697478964658575,4,"eligible",FALSE,TRUE
43074,"Sucrose","SUC0280","047473","B6NJ-Pcdh9+/- Cyfip2-S968F<J>","F",2025-04-23,2025-02-11,"Fionna",71,10.1428571428571,NA,NA,96.4000015258789,84.0999984741211,85.5999984741211,82.5999984741211,2,NA,NA,NA,NA,NA,NA,"day 8-10 sucrose","2","Sucrose drinking","percent",NA,NA,NA,NA,NA,NA,NA,NA,NA,NA,NA,NA,NA,"047473_4/23/2025_Sucrose","047473_4/23/2025_Sucrose","yes",NA,"Kumar Lab","yes","Pcdh9","SPT5: 2 day water, 3 days 0.25% sucrose, 2 days 0.5% sucrose, 2 days 2% 2-bottle choice sucrose vs water skip weekend work",NA,NA,10.8000030517578,1.5,0.878048837184906,10.8000030517578,1.5,0.878048810745162,4,"eligible",FALSE,TRUE
29402,"Sucrose","SUC0107","031351","B6NJ-Pcyox1l-/- Cyfip2-S968F<J>","F",2024-03-06,2023-11-23,"Orianna",104,14.8571428571429,NA,24.1000003814697,84.0999984741211,84.4000015258789,77.5999984741211,79.1999969482422,2,NA,NA,NA,NA,NA,NA,"day 1-3, both water days","0","Both Water Bottles","Percent",NA,NA,NA,NA,NA,NA,NA,NA,NA,NA,NA,NA,270795.002683347,"031351_3/6/2024_Sucrose","031351_3/6/2024_Sucrose","yes",NA,"Kumar Lab","yes","Pcyox1l","SPT5: 2 day water, 3 days 0.25% sucrose, 2 days 0.5% sucrose, 2 days 2% 2-bottle choice sucrose vs water skip weekend work",NA,NA,6.5,5.20000457763672,0.55555534362793,6.5,5.2000045776367,0.555555338193974,1,"eligible",TRUE,FALSE
29430,"Sucrose","SUC0115","031692","B6NJ-Pcyox1l-/- Cyfip2-S968F<J>","F",2024-03-06,2023-11-30,"Orianna",97,13.8571428571429,NA,20.7000007629395,87.3000030517578,83.8000030517578,81.0999984741211,82.6999969482422,2,NA,NA,NA,NA,NA,NA,"day 1-3, both water days","0","Both Water Bottles","Percent",NA,NA,NA,NA,NA,NA,NA,NA,NA,NA,NA,NA,342030.435385941,"031692_3/6/2024_Sucrose","031692_3/6/2024_Sucrose","yes",NA,"Kumar Lab","yes","Pcyox1l","SPT5: 2 day water, 3 days 0.25% sucrose, 2 days 0.5% sucrose, 2 days 2% 2-bottle choice sucrose vs water skip weekend work",NA,NA,6.20000457763672,1.10000610351563,0.849314451217651,6.2000045776367,1.1000061035156,0.849314452873929,1,"eligible",TRUE,FALSE
29496,"Sucrose","SUC0107","031341","B6NJ-Pcyox1l-/- Cyfip2-S968F<J>","F",2024-03-11,2023-11-22,"Orianna",110,15.7142857142857,NA,NA,83.8000030517578,78.9000015258789,81.3000030517578,75.9000015258789,2,NA,NA,NA,NA,NA,NA,"day 6-8 sucrose","0.5","Sucrose drinking","percent",NA,NA,NA,NA,NA,NA,NA,NA,NA,NA,NA,NA,NA,"031341_3/11/2024_Sucrose","031341_3/11/2024_Sucrose","yes",NA,"Kumar Lab","yes","Pcyox1l","SPT5: 2 day water, 3 days 0.25% sucrose, 2 days 0.5% sucrose, 2 days 2% 2-bottle choice sucrose vs water skip weekend work",NA,NA,2.5,3,0.454545468091965,2.5,3,0.454545454545455,3,"eligible",TRUE,FALSE
30176,"Sucrose","SUC0132","032861","B6NJ-Pdzd8-/- Cyfip2-S968F<J>","F",2024-04-05,2024-01-02,"Orianna",94,13.4285714285714,NA,NA,81,82,80,71.4000015258789,3,NA,NA,NA,NA,NA,NA,"day 3-6 sucrose","0.5","Sucrose drinking","percent",NA,NA,NA,NA,NA,NA,NA,NA,NA,NA,NA,NA,NA,"032861_4/5/2024_Sucrose","032861_4/5/2024_Sucrose","yes",NA,"Kumar Lab","yes","Pdzd8","SPT5: 2 day water, 3 days 0.25% sucrose, 2 days 0.5% sucrose, 2 days 2% 2-bottle choice sucrose vs water skip weekend work",NA,NA,1,10.5999984741211,0.0862069055438042,1,10.5999984741211,0.0862069078914916,2,"eligible",FALSE,TRUE
30268,"Sucrose","SUC0127","032512","B6NJ-Pdzd8-/- Cyfip2-S968F<J>","F",2024-04-10,2023-12-24,"Orianna",108,15.4285714285714,NA,NA,76.5999984741211,76.3000030517578,61,74.9000015258789,2,NA,NA,NA,NA,NA,NA,"day 8-10 sucrose","2","Sucrose drinking","percent",NA,NA,NA,NA,NA,NA,NA,NA,NA,NA,NA,NA,NA,"032512_4/10/2024_Sucrose","032512_4/10/2024_Sucrose","yes",NA,"Kumar Lab","yes","Pdzd8","SPT5: 2 day water, 3 days 0.25% sucrose, 2 days 0.5% sucrose, 2 days 2% 2-bottle choice sucrose vs water skip weekend work",NA,NA,15.5999984741211,1.40000152587891,0.917646944522858,15.5999984741211,1.40000152587889,0.917646969065947,4,"eligible",TRUE,TRUE
30276,"Sucrose","SUC0132","032863","B6NJ-Pdzd8-/- Cyfip2-S968F<J>","M",2024-04-10,2024-01-02,"Orianna",99,14.1428571428571,NA,NA,76.9000015258789,72.5999984741211,69.9000015258789,69.5999984741211,2,NA,NA,NA,NA,NA,NA,"day 8-10 sucrose","2","Sucrose drinking","percent",NA,NA,NA,NA,NA,NA,NA,NA,NA,NA,NA,NA,NA,"032863_4/10/2024_Sucrose","032863_4/10/2024_Sucrose","yes",NA,"Kumar Lab","yes","Pdzd8","SPT5: 2 day water, 3 days 0.25% sucrose, 2 days 0.5% sucrose, 2 days 2% 2-bottle choice sucrose vs water skip weekend work",NA,NA,7,3,0.699999988079071,7,3,0.7,4,"eligible",FALSE,TRUE
39889,"Sucrose","SUC0224","040486","B6NJ-Pdzd8-/- Cyfip2-S968F<J>","M",2025-01-15,2024-08-15,"Fionna",153,21.8571428571429,NA,NA,94,98.0999984741211,86.4000015258789,95.0999984741211,2,NA,NA,NA,NA,NA,NA,"day 8-10 sucrose","2","Sucrose drinking","percent",NA,NA,NA,NA,NA,NA,NA,NA,NA,NA,NA,NA,NA,"040486_1/15/2025_Sucrose","040486_1/15/2025_Sucrose","yes",NA,"Kumar Lab","yes","Pdzd8","SPT5: 2 day water, 3 days 0.25% sucrose, 2 days 0.5% sucrose, 2 days 2% 2-bottle choice sucrose vs water skip weekend work",NA,NA,7.59999847412109,3,0.716981112957001,7.59999847412109,3,0.716981091334662,4,"eligible",FALSE,TRUE
37249,"Sucrose","SUC0206","038865","B6NJ-Ppfia2-/- Cyfip2-S968F<J>","M",2024-11-27,2024-07-05,"Fionna",145,20.7142857142857,NA,NA,97.0999984741211,79.1999969482422,88.5999984741211,76.5,2,NA,NA,NA,NA,NA,NA,"day 8-10 sucrose","2","Sucrose drinking","percent",NA,NA,NA,NA,NA,NA,NA,NA,NA,NA,NA,NA,NA,"038865_11/27/2024_Sucrose","038865_11/27/2024_Sucrose","yes",NA,"Kumar Lab","yes","Ppfia2","SPT5: 2 day water, 3 days 0.25% sucrose, 2 days 0.5% sucrose, 2 days 2% 2-bottle choice sucrose vs water skip weekend work",NA,NA,8.5,2.69999694824219,0.758928775787354,8.5,2.6999969482422,0.758928778220252,4,"eligible",FALSE,TRUE
22569,"Sucrose","SUC0056","026279","B6NJ-Ppfia3-/- Cyfip2-S968F<J>","M",2023-10-03,2023-07-25,"Marina",70,10,NA,25.3999996185303,84.5999984741211,69.4000015258789,79.1999969482422,63.2000007629395,2,NA,NA,NA,NA,NA,NA,"Day 7-9","2","Sucrose Drinking","percent",NA,NA,NA,NA,NA,NA,NA,NA,NA,NA,NA,NA,263792.12302549,"026279_10/3/2023_Sucrose","026279_10/3/2023_Sucrose","yes",NA,"Kumar Lab","yes","Ppfia3","SPT4: 2 day water, 2 days each with increasing dose of sucrose (0.25%, 0.5%, 2%) 2-bottle choice",NA,0.000212598488463732,5.40000152587891,6.20000076293945,0.465517282485962,5.40000152587889,6.2000007629394,0.465517281068485,4,"eligible",TRUE,TRUE
25727,"Sucrose","SUC0071A","028365","B6NJ-Ppfia3-/- Cyfip2-S968F<J>","F",2023-12-05,2023-09-14,"Marina_Misty",82,11.7142857142857,NA,18.2999992370605,83.6999969482422,74.8000030517578,78.6999969482422,73.5,2,NA,NA,NA,NA,NA,NA,"Days 7-9","2","Sucrose","percent",NA,NA,NA,NA,NA,NA,NA,NA,NA,NA,NA,NA,359955.722827837,"028365_12/5/2023_Sucrose","028365_12/5/2023_Sucrose","yes",NA,"Kumar Lab","yes","Ppfia3","SPT4: 2 day water, 2 days each with increasing dose of sucrose (0.25%, 0.5%, 2%) 2-bottle choice",NA,0.000273224055106744,5,1.30000305175781,0.793650388717651,5,1.3000030517578,0.793650409201774,4,"eligible",TRUE,FALSE
40671,"Sucrose","SUC0238","041660","B6NJ-Ppfia3-/- Cyfip2-S968F<J>","F",2025-02-19,2024-09-16,"Fionna",156,22.2857142857143,NA,NA,95.8000030517578,87.5,0,83.5,2,NA,NA,NA,NA,NA,NA,"day 8-10 sucrose","2","Do Not Use Tube Leak FTK, Sucrose drinking","percent",NA,NA,NA,NA,NA,NA,NA,NA,NA,NA,NA,NA,NA,"041660_2/19/2025_Sucrose","041660_2/19/2025_Sucrose","yes",NA,"Kumar Lab","yes","Ppfia3","SPT5: 2 day water, 3 days 0.25% sucrose, 2 days 0.5% sucrose, 2 days 2% 2-bottle choice sucrose vs water skip weekend work",NA,NA,95.8000030517578,4,0.95991986989975,95.8000030517578,4,0.959919840904959,4,"eligible",TRUE,FALSE
23494,"Sucrose","SUC0068","026503","B6NJ-Ptpru-/- Cyfip2-S968F<J>","M",2023-10-29,2023-08-02,"Marina_Misty",88,12.5714285714286,NA,21.7000007629395,84.9000015258789,82,76.5,80.0999984741211,2,NA,NA,NA,NA,NA,NA,"Day 5- 7","0.5","Sucrose Drinking","percent",NA,NA,NA,NA,NA,NA,NA,NA,NA,NA,NA,NA,299301.837295257,"026503_10/29/2023_Sucrose","026503_10/29/2023_Sucrose","yes",NA,"Kumar Lab","yes","Ptpru","SPT4: 2 day water, 2 days each with increasing dose of sucrose (0.25%, 0.5%, 2%) 2-bottle choice",NA,9.67742077252012e-05,8.40000152587891,1.90000152587891,0.815533876419067,8.40000152587891,1.90000152587891,0.815533887093883,3,"eligible",TRUE,FALSE
21428,"Sucrose","SUC0051","023776","B6NJ-Ptpru-/- Cyfip2-S968F<J>","M",2023-09-05,2023-06-08,"Marina",89,12.7142857142857,NA,25.6000003814697,81.5999984741211,73.8000030517578,68.6999969482422,72.5,2,NA,NA,NA,NA,NA,NA,"Day 7-9","2","Sucrose Drinking","percent",NA,NA,NA,NA,NA,NA,NA,NA,NA,NA,NA,NA,218981.224611681,"023776_9/5/2023_Sucrose","023776_9/5/2023_Sucrose","yes",NA,"Kumar Lab","yes","Ptpru","SPT4: 2 day water, 2 days each with increasing dose of sucrose (0.25%, 0.5%, 2%) 2-bottle choice",NA,0.000503906302095856,12.9000015258789,1.30000305175781,0.908450543880463,12.9000015258789,1.3000030517578,0.908450518825526,4,"eligible",TRUE,FALSE
27739,"Sucrose","SUC0098","031193","B6NJ-Ptpru-/- Cyfip2-S968F<J>","F",2024-02-13,2023-11-21,"Misty",84,12,NA,25.1000003814697,84.4000015258789,69,75.5,68.8000030517578,2,NA,NA,NA,NA,NA,NA,"Days 7-9","2","Sucrose","percent",NA,NA,NA,NA,NA,NA,NA,NA,NA,NA,NA,NA,253872.51388318,"031193_2/13/2024_Sucrose","031193_2/13/2024_Sucrose","yes",NA,"Kumar Lab","yes","Ptpru","SPT4: 2 day water, 2 days each with increasing dose of sucrose (0.25%, 0.5%, 2%) 2-bottle choice",NA,0.000354581728709829,8.90000152587891,0.199996948242188,0.978022336959839,8.90000152587891,0.199996948242202,0.978022309694781,4,"eligible",FALSE,TRUE
27740,"Sucrose","SUC0098","031194","B6NJ-Ptpru-/- Cyfip2-S968F<J>","F",2024-02-13,2023-11-21,"Misty",84,12,NA,25.2000007629395,83.1999969482422,75.5999984741211,77,74.0999984741211,2,NA,NA,NA,NA,NA,NA,"Days 7-9","2","Sucrose","percent",NA,NA,NA,NA,NA,NA,NA,NA,NA,NA,NA,NA,254222.210650301,"031194_2/13/2024_Sucrose","031194_2/13/2024_Sucrose","yes",NA,"Kumar Lab","yes","Ptpru","SPT4: 2 day water, 2 days each with increasing dose of sucrose (0.25%, 0.5%, 2%) 2-bottle choice",NA,0.000246031617481546,6.19999694824219,1.5,0.805194735527039,6.1999969482422,1.5,0.805194727987207,4,"eligible",FALSE,TRUE
27741,"Sucrose","SUC0098","031195","B6NJ-Ptpru-/- Cyfip2-S968F<J>","F",2024-02-13,2023-11-21,"Misty",84,12,NA,24.3999996185303,81.6999969482422,79.5,74.4000015258789,77.3000030517578,2,NA,NA,NA,NA,NA,NA,"Days 7-9","2","Sucrose","percent",NA,NA,NA,NA,NA,NA,NA,NA,NA,NA,NA,NA,249118.035881137,"031195_2/13/2024_Sucrose","031195_2/13/2024_Sucrose","yes",NA,"Kumar Lab","yes","Ptpru","SPT4: 2 day water, 2 days each with increasing dose of sucrose (0.25%, 0.5%, 2%) 2-bottle choice",NA,0.000299180144938174,7.29999542236328,2.19999694824219,0.768421173095703,7.2999954223633,2.1999969482422,0.768421187889651,4,"eligible",FALSE,TRUE
37105,"Sucrose","SUC0207","038713","B6NJ-Rap2b-/- Cyfip2-S968F<J>","M",2024-11-20,2024-07-02,"Fionna",141,20.1428571428571,NA,27.7000007629395,93.5999984741211,93.8000030517578,86,92.1999969482422,2,NA,NA,NA,NA,NA,NA,"day 1-3, both water days","0","Both Water Bottles","Percent",NA,NA,NA,NA,NA,NA,NA,NA,NA,NA,NA,NA,290599.273499877,"038713_11/20/2024_Sucrose","038713_11/20/2024_Sucrose","yes",NA,"Kumar Lab","yes","Rap2b","SPT5: 2 day water, 3 days 0.25% sucrose, 2 days 0.5% sucrose, 2 days 2% 2-bottle choice sucrose vs water skip weekend work",NA,NA,7.59999847412109,1.60000610351563,0.826086401939392,7.59999847412109,1.6000061035156,0.826086379630193,1,"eligible",TRUE,TRUE
43977,"Sucrose",NA,"047500","B6NJ-Rap2b-/- Cyfip2-S968F<J>","F",2025-05-14,2025-02-12,NA,91,13,NA,23.7000007629395,95,96,88.6999969482422,94,2,NA,NA,NA,NA,NA,NA,"day 1-3, both water days","0","Both Water Bottles","Percent",NA,NA,NA,NA,NA,NA,NA,NA,NA,NA,NA,NA,355548.511761098,"047500_5/14/2025_Sucrose","047500_5/14/2025_Sucrose","yes",NA,"Kumar Lab","yes","Rap2b",NA,NA,NA,6.30000305175781,2,0.759036242961884,6.3000030517578,2,0.759036233176272,1,"eligible",FALSE,TRUE
50655,"Sucrose","SUC0376","055907","B6NJ-Rap2b-/- Cyfip2-S968F<J>","F",2025-12-10,2025-09-25,"Fionna",76,10.8571428571429,NA,23.5100002288818,92.6100006103516,93.9800033569336,87.1500015258789,91.2099990844727,2,NA,NA,NA,NA,NA,NA,"day 1-3, both water days","0","Both Water Bottles","Percent",NA,NA,NA,NA,NA,NA,NA,NA,NA,NA,NA,NA,343299.099765528,"055907_12/10/2025_Sucrose","055907_12/10/2025_Sucrose","yes",NA,"Kumar Lab","yes","Rap2b","SPT5: 2 day water, 3 days 0.25% sucrose, 2 days 0.5% sucrose, 2 days 2% 2-bottle choice sucrose vs water skip weekend work",NA,NA,5.45999908447266,2.77000427246094,0.663426101207733,5.4599990844727,2.77000427246089,0.663426106609394,1,"eligible",FALSE,TRUE
37252,"Sucrose","SUC0207","038713","B6NJ-Rap2b-/- Cyfip2-S968F<J>","M",2024-11-27,2024-07-02,"Fionna",148,21.1428571428571,NA,NA,95.1999969482422,93.4000015258789,93.5999984741211,83.5999984741211,2,NA,NA,NA,NA,NA,NA,"day 8-10 sucrose","2","Sucrose drinking","percent",NA,NA,NA,NA,NA,NA,NA,NA,NA,NA,NA,NA,NA,"038713_11/27/2024_Sucrose","038713_11/27/2024_Sucrose","yes",NA,"Kumar Lab","yes","Rap2b","SPT5: 2 day water, 3 days 0.25% sucrose, 2 days 0.5% sucrose, 2 days 2% 2-bottle choice sucrose vs water skip weekend work",NA,NA,1.59999847412109,9.80000305175781,0.140350729227066,1.59999847412111,9.80000305175781,0.140350724558149,4,"eligible",TRUE,TRUE
37254,"Sucrose","SUC0207","039166","B6NJ-Rap2b-/- Cyfip2-S968F<J>","M",2024-11-27,2024-07-07,"Fionna",143,20.4285714285714,NA,NA,95.5999984741211,84.1999969482422,78.4000015258789,82,2,NA,NA,NA,NA,NA,NA,"day 8-10 sucrose","2","Sucrose drinking","percent",NA,NA,NA,NA,NA,NA,NA,NA,NA,NA,NA,NA,NA,"039166_11/27/2024_Sucrose","039166_11/27/2024_Sucrose","yes",NA,"Kumar Lab","yes","Rap2b","SPT5: 2 day water, 3 days 0.25% sucrose, 2 days 0.5% sucrose, 2 days 2% 2-bottle choice sucrose vs water skip weekend work",NA,NA,17.1999969482422,2.19999694824219,0.88659805059433,17.1999969482422,2.1999969482422,0.886598059773571,4,"eligible",TRUE,FALSE
42041,"Sucrose","SUC0260","045644","B6NJ-Rap2b-/- Cyfip2-S968F<J>","M",2025-03-26,2024-12-31,"Fionna",85,12.1428571428571,NA,NA,97.9000015258789,93,83.5,88.1999969482422,2,NA,NA,NA,NA,NA,NA,"day 8-10 sucrose","2","Sucrose drinking","percent",NA,NA,NA,NA,NA,NA,NA,NA,NA,NA,NA,NA,NA,"045644_3/26/2025_Sucrose","045644_3/26/2025_Sucrose","yes",NA,"Kumar Lab","yes","Rap2b","SPT5: 2 day water, 3 days 0.25% sucrose, 2 days 0.5% sucrose, 2 days 2% 2-bottle choice sucrose vs water skip weekend work",NA,NA,14.4000015258789,4.80000305175781,0.74999988079071,14.4000015258789,4.8000030517578,0.74999990065895,4,"eligible",TRUE,FALSE
46502,"Sucrose","SUC0317","050223","B6NJ-Rbm4b-/- Cyfip2-S968F<J>","M",2025-07-30,2025-04-16,"Fionna",105,15,NA,NA,94.1999969482422,80.5,91.7699966430664,71.9300003051758,2,NA,NA,NA,NA,NA,NA,"day 8-10 sucrose","2","Sucrose drinking","percent",NA,NA,NA,NA,NA,NA,NA,NA,NA,NA,NA,NA,NA,"050223_7/30/2025_Sucrose","050223_7/30/2025_Sucrose","yes",NA,"Kumar Lab","yes","Rbm4b","SPT5: 2 day water, 3 days 0.25% sucrose, 2 days 0.5% sucrose, 2 days 2% 2-bottle choice sucrose vs water skip weekend work",NA,NA,2.43000030517578,8.56999969482422,0.220909118652344,2.4300003051758,8.5699996948242,0.220909118652345,4,"eligible",FALSE,TRUE
48051,"Sucrose","SUC0340","052144","B6NJ-Rbm4b-/- Cyfip2-S968F<J>","F",2025-08-27,2025-05-30,"Fionna",89,12.7142857142857,NA,NA,98.9599990844727,96.3099975585938,89.4400024414063,85.0400009155273,2,NA,NA,NA,NA,NA,NA,"day 8-10 sucrose","2","Sucrose drinking","percent",NA,NA,NA,NA,NA,NA,NA,NA,NA,NA,NA,NA,NA,"052144_8/27/2025_Sucrose","052144_8/27/2025_Sucrose","yes",NA,"Kumar Lab","yes","Rbm4b","SPT5: 2 day water, 3 days 0.25% sucrose, 2 days 0.5% sucrose, 2 days 2% 2-bottle choice sucrose vs water skip weekend work",NA,NA,9.51999664306641,11.2699966430664,0.457912445068359,9.51999664306639,11.2699966430665,0.457912444320812,4,"eligible",FALSE,TRUE
45335,"Sucrose","SUC0298","048390","B6NJ-Rimklb-/- Cyfip2-S968F<J>","M",2025-06-25,2025-03-05,"Fionna",112,16,NA,24.8999996185303,95.1999969482422,97.5999984741211,78.8000030517578,94.9000015258789,2,NA,NA,NA,NA,NA,NA,"day 1-3, both water days","0","Both Water Bottles","Percent",NA,NA,NA,NA,NA,NA,NA,NA,NA,NA,NA,NA,301275.516820632,"048390_6/25/2025_Sucrose","048390_6/25/2025_Sucrose","yes",NA,"Kumar Lab","no","Rimklb","SPT5: 2 day water, 3 days 0.25% sucrose, 2 days 0.5% sucrose, 2 days 2% 2-bottle choice sucrose vs water skip weekend work",NA,NA,16.3999938964844,2.69999694824219,0.858638823032379,16.3999938964844,2.69999694824219,0.858638835474225,1,"eligible",TRUE,FALSE
50013,"Sucrose","SUC0370","055533","B6NJ-Rimklb-/- Cyfip2-S968F<J>","F",2025-11-12,2025-09-08,"Fionna",65,9.28571428571429,NA,18,100.389999389648,90.6100006103516,88.9800033569336,85.6100006103516,2,NA,NA,NA,NA,NA,NA,"day 1-3, both water days","0","Both Water Bottles","Percent",NA,NA,NA,NA,NA,NA,NA,NA,NA,NA,NA,NA,496261.23046875,"055533_11/12/2025_Sucrose","055533_11/12/2025_Sucrose","yes",NA,"Kumar Lab","no","Rimklb","SPT5: 2 day water, 3 days 0.25% sucrose, 2 days 0.5% sucrose, 2 days 2% 2-bottle choice sucrose vs water skip weekend work",NA,NA,11.4099960327148,5,0.695307672023773,11.4099960327144,5,0.695307665520932,1,"eligible",TRUE,FALSE
45513,"Sucrose","SUC0298","048393","B6NJ-Rimklb-/- Cyfip2-S968F<J>","M",2025-07-02,2025-03-05,"Fionna",119,17,NA,NA,94.9000015258789,82.3000030517578,89.8000030517578,77.8000030517578,2,NA,NA,NA,NA,NA,NA,"day 8-10 sucrose","2","Sucrose drinking","percent",NA,NA,NA,NA,NA,NA,NA,NA,NA,NA,NA,NA,NA,"048393_7/2/2025_Sucrose","048393_7/2/2025_Sucrose","yes",NA,"Kumar Lab","no","Rimklb","SPT5: 2 day water, 3 days 0.25% sucrose, 2 days 0.5% sucrose, 2 days 2% 2-bottle choice sucrose vs water skip weekend work",NA,NA,5.09999847412109,4.5,0.531249940395355,5.09999847412111,4.5,0.531249925494183,4,"eligible",FALSE,TRUE
50103,"Sucrose","SUC0370","055533","B6NJ-Rimklb-/- Cyfip2-S968F<J>","F",2025-11-19,2025-09-08,"Fionna",72,10.2857142857143,NA,NA,95.129997253418,91.3899993896484,86.7799987792969,86.8499984741211,2,NA,NA,NA,NA,NA,NA,"day 8-10 sucrose","2","Sucrose drinking","percent",NA,NA,NA,NA,NA,NA,NA,NA,NA,NA,NA,NA,NA,"055533_11/19/2025_Sucrose","055533_11/19/2025_Sucrose","yes",NA,"Kumar Lab","no","Rimklb","SPT5: 2 day water, 3 days 0.25% sucrose, 2 days 0.5% sucrose, 2 days 2% 2-bottle choice sucrose vs water skip weekend work",NA,NA,8.34999847412109,4.54000091552734,0.647788882255554,8.34999847412109,4.5400009155273,0.647788896004661,4,"eligible",FALSE,TRUE
37241,"Sucrose","SUC0222","039712","B6NJ-Rnf25-/- Cyfip2-S968F<J>","F",2024-11-25,2024-08-01,"Fionna",116,16.5714285714286,NA,NA,96.3000030517578,83.9000015258789,92.5,77.8000030517578,2,NA,NA,NA,NA,NA,NA,"day 6-8 sucrose","0.5","Sucrose drinking","percent",NA,NA,NA,NA,NA,NA,NA,NA,NA,NA,NA,NA,NA,"039712_11/25/2024_Sucrose","039712_11/25/2024_Sucrose","yes",NA,"Kumar Lab","yes","Rnf25","SPT5: 2 day water, 3 days 0.25% sucrose, 2 days 0.5% sucrose, 2 days 2% 2-bottle choice sucrose vs water skip weekend work",NA,NA,3.80000305175781,6.09999847412109,0.383838623762131,3.8000030517578,6.09999847412111,0.383838632936013,3,"eligible",FALSE,TRUE
39851,"Sucrose","SUC0230","041008","B6NJ-Rnf25-/- Cyfip2-S968F<J>","M",2025-01-13,2024-08-30,"Fionna",136,19.4285714285714,NA,NA,97.4000015258789,91.5,92.5999984741211,89.6999969482422,2,NA,NA,NA,NA,NA,NA,"day 6-8 sucrose","0.5","Sucrose drinking","percent",NA,NA,NA,NA,NA,NA,NA,NA,NA,NA,NA,NA,NA,"041008_1/13/2025_Sucrose","041008_1/13/2025_Sucrose","yes",NA,"Kumar Lab","yes","Rnf25","SPT5: 2 day water, 3 days 0.25% sucrose, 2 days 0.5% sucrose, 2 days 2% 2-bottle choice sucrose vs water skip weekend work",NA,NA,4.80000305175781,1.80000305175781,0.727272510528564,4.80000305175781,1.8000030517578,0.727272517096765,3,"eligible",FALSE,TRUE
39860,"Sucrose","SUC0235","041160","B6NJ-Rnf25-/- Cyfip2-S968F<J>","F",2025-01-13,2024-09-06,"Fionna",129,18.4285714285714,NA,NA,95.1999969482422,83.0999984741211,91.8000030517578,77.0999984741211,2,NA,NA,NA,NA,NA,NA,"day 6-8 sucrose","0.5","Sucrose drinking","percent",NA,NA,NA,NA,NA,NA,NA,NA,NA,NA,NA,NA,NA,"041160_1/13/2025_Sucrose","041160_1/13/2025_Sucrose","yes",NA,"Kumar Lab","yes","Rnf25","SPT5: 2 day water, 3 days 0.25% sucrose, 2 days 0.5% sucrose, 2 days 2% 2-bottle choice sucrose vs water skip weekend work",NA,NA,3.39999389648438,6,0.361701726913452,3.3999938964844,6,0.361701713206005,3,"eligible",FALSE,TRUE
42001,"Sucrose","SUC0255","045084","B6NJ-Rnf25-/- Cyfip2-S968F<J>","F",2025-03-24,2024-12-12,"Fionna",102,14.5714285714286,NA,NA,94.3000030517578,93.8000030517578,87.5999984741211,91.6999969482422,2,NA,NA,NA,NA,NA,NA,"day 6-8 sucrose","0.5","Sucrose drinking","percent",NA,NA,NA,NA,NA,NA,NA,NA,NA,NA,NA,NA,NA,"045084_3/24/2025_Sucrose","045084_3/24/2025_Sucrose","yes",NA,"Kumar Lab","yes","Rnf25","SPT5: 2 day water, 3 days 0.25% sucrose, 2 days 0.5% sucrose, 2 days 2% 2-bottle choice sucrose vs water skip weekend work",NA,NA,6.70000457763672,2.10000610351563,0.761363208293915,6.7000045776367,2.1000061035156,0.761363232431825,3,"eligible",FALSE,TRUE
46460,"Sucrose","SUC0322","050047","B6NJ-Rnf25-/- Cyfip2-S968F<J>","M",2025-07-28,2025-04-12,"Fionna",107,15.2857142857143,NA,NA,93.8000030517578,92.9000015258789,91,85.9000015258789,2,NA,NA,NA,NA,NA,NA,"day 6-8 sucrose","0.5","Sucrose drinking","percent",NA,NA,NA,NA,NA,NA,NA,NA,NA,NA,NA,NA,NA,"050047_7/28/2025_Sucrose","050047_7/28/2025_Sucrose","yes",NA,"Kumar Lab","yes","Rnf25","SPT5: 2 day water, 3 days 0.25% sucrose, 2 days 0.5% sucrose, 2 days 2% 2-bottle choice sucrose vs water skip weekend work",NA,NA,2.80000305175781,7,0.285714507102966,2.8000030517578,7,0.285714508145543,3,"eligible",FALSE,TRUE
37290,"Sucrose","SUC0222","039712","B6NJ-Rnf25-/- Cyfip2-S968F<J>","F",2024-11-27,2024-08-01,"Fionna",118,16.8571428571429,NA,NA,99.3000030517578,95,89.1999969482422,91.3000030517578,2,NA,NA,NA,NA,NA,NA,"day 8-10 sucrose","2","Sucrose drinking","percent",NA,NA,NA,NA,NA,NA,NA,NA,NA,NA,NA,NA,NA,"039712_11/27/2024_Sucrose","039712_11/27/2024_Sucrose","yes",NA,"Kumar Lab","yes","Rnf25","SPT5: 2 day water, 3 days 0.25% sucrose, 2 days 0.5% sucrose, 2 days 2% 2-bottle choice sucrose vs water skip weekend work",NA,NA,10.1000061035156,3.69999694824219,0.731884360313416,10.1000061035156,3.6999969482422,0.731884338404483,4,"eligible",FALSE,TRUE
39907,"Sucrose","SUC0235","041160","B6NJ-Rnf25-/- Cyfip2-S968F<J>","F",2025-01-15,2024-09-06,"Fionna",131,18.7142857142857,NA,NA,97.8000030517578,94.1999969482422,83.6999969482422,92.0999984741211,2,NA,NA,NA,NA,NA,NA,"day 8-10 sucrose","2","Sucrose drinking","percent",NA,NA,NA,NA,NA,NA,NA,NA,NA,NA,NA,NA,NA,"041160_1/15/2025_Sucrose","041160_1/15/2025_Sucrose","yes",NA,"Kumar Lab","yes","Rnf25","SPT5: 2 day water, 3 days 0.25% sucrose, 2 days 0.5% sucrose, 2 days 2% 2-bottle choice sucrose vs water skip weekend work",NA,NA,14.1000061035156,2.09999847412109,0.870370507240295,14.1000061035156,2.09999847412111,0.870370501189855,4,"eligible",TRUE,FALSE
39908,"Sucrose","SUC0235","041162","B6NJ-Rnf25-/- Cyfip2-S968F<J>","F",2025-01-15,2024-09-06,"Fionna",131,18.7142857142857,NA,NA,94.6999969482422,94.9000015258789,77,93.0999984741211,2,NA,NA,NA,NA,NA,NA,"day 8-10 sucrose","2","Sucrose drinking","percent",NA,NA,NA,NA,NA,NA,NA,NA,NA,NA,NA,NA,NA,"041162_1/15/2025_Sucrose","041162_1/15/2025_Sucrose","yes",NA,"Kumar Lab","yes","Rnf25","SPT5: 2 day water, 3 days 0.25% sucrose, 2 days 0.5% sucrose, 2 days 2% 2-bottle choice sucrose vs water skip weekend work",NA,NA,17.6999969482422,1.80000305175781,0.907692134380341,17.6999969482422,1.80000305175781,0.907692151191907,4,"eligible",TRUE,FALSE
31412,"Sucrose","SUC0140","033620","B6NJ-Safb2-/- Cyfip2-S968F<J>","M",2024-05-08,2024-01-22,"Orianna",107,15.2857142857143,NA,28,71.5999984741211,81.4000015258789,67.0999984741211,80.6999969482422,2,NA,NA,NA,NA,NA,NA,"day 1-3, both water days","0","Both Water Bottles","Percent",NA,NA,NA,NA,NA,NA,NA,NA,NA,NA,NA,NA,171584.280831473,"033620_5/8/2024_Sucrose","033620_5/8/2024_Sucrose","yes",NA,"Kumar Lab","yes","Safb2","SPT5: 2 day water, 3 days 0.25% sucrose, 2 days 0.5% sucrose, 2 days 2% 2-bottle choice sucrose vs water skip weekend work",NA,NA,4.5,0.700004577636719,0.865383863449097,4.5,0.700004577636705,0.865383853574444,1,"eligible",FALSE,TRUE
37223,"Sucrose","SUC0218","039179","B6NJ-Safb2-/- Cyfip2-S968F<J>","F",2024-11-25,2024-07-13,"Fionna",135,19.2857142857143,NA,NA,102.099998474121,87,92,83.8000030517578,2,NA,NA,NA,NA,NA,NA,"day 6-8 sucrose","0.5","Sucrose drinking","percent",NA,NA,NA,NA,NA,NA,NA,NA,NA,NA,NA,NA,NA,"039179_11/25/2024_Sucrose","039179_11/25/2024_Sucrose","yes",NA,"Kumar Lab","yes","Safb2","SPT5: 2 day water, 3 days 0.25% sucrose, 2 days 0.5% sucrose, 2 days 2% 2-bottle choice sucrose vs water skip weekend work",NA,NA,10.0999984741211,3.19999694824219,0.759398639202118,10.099998474121,3.1999969482422,0.759398642885126,3,"eligible",TRUE,FALSE
31559,"Sucrose","SUC0140","033620","B6NJ-Safb2-/- Cyfip2-S968F<J>","M",2024-05-15,2024-01-22,"Orianna",114,16.2857142857143,NA,NA,81.3000030517578,75.6999969482422,71.6999969482422,75.1999969482422,2,NA,NA,NA,NA,NA,NA,"day 8-10 sucrose","2","Sucrose drinking","percent",NA,NA,NA,NA,NA,NA,NA,NA,NA,NA,NA,NA,NA,"033620_5/15/2024_Sucrose","033620_5/15/2024_Sucrose","yes",NA,"Kumar Lab","yes","Safb2","SPT5: 2 day water, 3 days 0.25% sucrose, 2 days 0.5% sucrose, 2 days 2% 2-bottle choice sucrose vs water skip weekend work",NA,NA,9.60000610351563,0.5,0.950495064258575,9.6000061035156,0.5,0.950495079421194,4,"eligible",FALSE,TRUE
31560,"Sucrose","SUC0140","033622","B6NJ-Safb2-/- Cyfip2-S968F<J>","M",2024-05-15,2024-01-22,"Orianna",114,16.2857142857143,NA,NA,80.3000030517578,80.9000015258789,77.1999969482422,77.6999969482422,2,NA,NA,NA,NA,NA,NA,"day 8-10 sucrose","2","Sucrose drinking","percent",NA,NA,NA,NA,NA,NA,NA,NA,NA,NA,NA,NA,NA,"033622_5/15/2024_Sucrose","033622_5/15/2024_Sucrose","yes",NA,"Kumar Lab","yes","Safb2","SPT5: 2 day water, 3 days 0.25% sucrose, 2 days 0.5% sucrose, 2 days 2% 2-bottle choice sucrose vs water skip weekend work",NA,NA,3.10000610351563,3.20000457763672,0.492063611745834,3.1000061035156,3.2000045776367,0.492063626620486,4,"eligible",FALSE,TRUE
39902,"Sucrose","SUC0232","040771","B6NJ-Safb2-/- Cyfip2-S968F<J>","F",2025-01-15,2024-08-30,"Fionna",138,19.7142857142857,NA,NA,101.099998474121,85.9000015258789,80.6999969482422,84.0999984741211,2,NA,NA,NA,NA,NA,NA,"day 8-10 sucrose","2","Sucrose drinking","percent",NA,NA,NA,NA,NA,NA,NA,NA,NA,NA,NA,NA,NA,"040771_1/15/2025_Sucrose","040771_1/15/2025_Sucrose","yes",NA,"Kumar Lab","yes","Safb2","SPT5: 2 day water, 3 days 0.25% sucrose, 2 days 0.5% sucrose, 2 days 2% 2-bottle choice sucrose vs water skip weekend work",NA,NA,20.4000015258789,1.80000305175781,0.918918788433075,20.4000015258788,1.80000305175781,0.918918798171282,4,"eligible",TRUE,FALSE
48027,"Sucrose","SUC0328","050672","B6NJ-Safb2-/- Cyfip2-S968F<J>","F",2025-08-27,2025-04-29,"Fionna",120,17.1428571428571,NA,NA,101.26000213623,83.7200012207031,93.3399963378906,80.5599975585938,2,NA,NA,NA,NA,NA,NA,"day 8-10 sucrose","2","Sucrose drinking","percent",NA,NA,NA,NA,NA,NA,NA,NA,NA,NA,NA,NA,NA,"050672_8/27/2025_Sucrose","050672_8/27/2025_Sucrose","yes",NA,"Kumar Lab","yes","Safb2","SPT5: 2 day water, 3 days 0.25% sucrose, 2 days 0.5% sucrose, 2 days 2% 2-bottle choice sucrose vs water skip weekend work",NA,NA,7.92000579833984,3.16000366210938,0.714801371097565,7.9200057983394,3.16000366210929,0.714801357039516,4,"eligible",FALSE,TRUE
31501,"Sucrose","SUC0137","033308","B6NJ-Shisa7-/- Cyfip2-S968F<J>","M",2024-05-13,2024-01-20,"Orianna",114,16.2857142857143,NA,NA,81.1999969482422,80.0999984741211,70.5999984741211,79.5999984741211,2,NA,NA,NA,NA,NA,NA,"day 6-8 sucrose","0.5","Sucrose drinking","percent",NA,NA,NA,NA,NA,NA,NA,NA,NA,NA,NA,NA,NA,"033308_5/13/2024_Sucrose","033308_5/13/2024_Sucrose","yes",NA,"Kumar Lab","yes","Shisa7","SPT5: 2 day water, 3 days 0.25% sucrose, 2 days 0.5% sucrose, 2 days 2% 2-bottle choice sucrose vs water skip weekend work",NA,NA,10.5999984741211,0.5,0.954954922199249,10.5999984741211,0.5,0.954954948762766,3,"eligible",TRUE,FALSE
25734,"Sucrose","SUC0074","028390","B6NJ-Shisa7-/- Cyfip2-S968F<J>","M",2023-12-05,2023-09-14,"Marina_Misty",82,11.7142857142857,NA,26,84.8000030517578,80.0999984741211,79.1999969482422,75.4000015258789,2,NA,NA,NA,NA,NA,NA,"Days 7-9","2","Sucrose","percent",NA,NA,NA,NA,NA,NA,NA,NA,NA,NA,NA,NA,258313.852163462,"028390_12/5/2023_Sucrose","028390_12/5/2023_Sucrose","yes",NA,"Kumar Lab","yes","Shisa7","SPT4: 2 day water, 2 days each with increasing dose of sucrose (0.25%, 0.5%, 2%) 2-bottle choice",NA,0.000215384850135216,5.60000610351563,4.69999694824219,0.543689727783203,5.6000061035156,4.69999694824219,0.543689751874385,4,"eligible",FALSE,TRUE
32547,"Sucrose","SUC0162","034434","B6NJ-Shisa7-/- Cyfip2-S968F<J>","F",2024-06-12,2024-02-18,"Orianna",115,16.4285714285714,NA,NA,79,69.9000015258789,59.7000007629395,69.3000030517578,2,NA,NA,NA,NA,NA,NA,"Significant sucrose consumption is correct - OG , day 8-10 sucrose","2","Sucrose drinking","percent",NA,NA,NA,NA,NA,NA,NA,NA,NA,NA,NA,NA,NA,"034434_6/12/2024_Sucrose","034434_6/12/2024_Sucrose","yes",NA,"Kumar Lab","yes","Shisa7","SPT5: 2 day water, 3 days 0.25% sucrose, 2 days 0.5% sucrose, 2 days 2% 2-bottle choice sucrose vs water skip weekend work",NA,NA,19.2999992370605,0.599998474121094,0.969849348068237,19.2999992370605,0.599998474121108,0.969849319440676,4,"eligible",TRUE,FALSE
32546,"Sucrose","SUC0161","034277","B6NJ-Sipa1l1-/- Cyfip2-S968F<J>","F",2024-06-12,2024-02-17,"Orianna",116,16.5714285714286,NA,NA,79.6999969482422,75.9000015258789,64,75.0999984741211,2,NA,NA,NA,NA,NA,NA,"Significant sucrose consumption is correct - OG , day 8-10 sucrose","2","Sucrose drinking","percent",NA,NA,NA,NA,NA,NA,NA,NA,NA,NA,NA,NA,NA,"034277_6/12/2024_Sucrose","034277_6/12/2024_Sucrose","yes",NA,"Kumar Lab","yes","Sipa1l1","SPT5: 2 day water, 3 days 0.25% sucrose, 2 days 0.5% sucrose, 2 days 2% 2-bottle choice sucrose vs water skip weekend work",NA,NA,15.6999969482422,0.800003051757813,0.951514959335327,15.6999969482422,0.800003051757812,0.951514966560133,4,"eligible",TRUE,FALSE
26344,"Sucrose","SUC0082","029783","B6NJ-Slc26a10-/- Cyfip2-S968F<J>","M",2024-01-14,2023-10-20,"Misty",86,12.2857142857143,NA,27.2999992370605,81.8000030517578,78.6999969482422,72.9000015258789,79.1999969482422,2,NA,NA,NA,NA,NA,NA,"Days 5-7","0.5","Sucrose","percent",NA,NA,NA,NA,NA,NA,NA,NA,NA,NA,NA,NA,218432.981007139,"029783_1/14/2024_Sucrose","029783_1/14/2024_Sucrose","yes",NA,"Kumar Lab","yes","Slc26a10","SPT4: 2 day water, 2 days each with increasing dose of sucrose (0.25%, 0.5%, 2%) 2-bottle choice",NA,8.1501847752773e-05,8.90000152587891,-0.5,1.05952382087708,8.90000152587889,-0.5,1.05952379871118,3,"eligible",TRUE,TRUE
26345,"Sucrose","SUC0082","029784","B6NJ-Slc26a10-/- Cyfip2-S968F<J>","M",2024-01-14,2023-10-20,"Misty",86,12.2857142857143,NA,26.3999996185303,83.0999984741211,74.4000015258789,74.4000015258789,72.5999984741211,2,NA,NA,NA,NA,NA,NA,"Days 5-7","0.5","Sucrose","percent",NA,NA,NA,NA,NA,NA,NA,NA,NA,NA,NA,NA,234190.917653617,"029784_1/14/2024_Sucrose","029784_1/14/2024_Sucrose","yes",NA,"Kumar Lab","yes","Slc26a10","SPT4: 2 day water, 2 days each with increasing dose of sucrose (0.25%, 0.5%, 2%) 2-bottle choice",NA,8.23863359275924e-05,8.69999694824219,1.80000305175781,0.828571140766144,8.69999694824219,1.80000305175781,0.828571137927827,3,"eligible",TRUE,FALSE
26347,"Sucrose","SUC0082","030247","B6NJ-Slc26a10-/- Cyfip2-S968F<J>","M",2024-01-14,2023-10-15,"Misty",91,13,NA,26.2999992370605,83.0999984741211,77.8000030517578,80.5999984741211,73.6999969482422,2,NA,NA,NA,NA,NA,NA,"Days 5-7","0.5","Sucrose","percent",NA,NA,NA,NA,NA,NA,NA,NA,NA,NA,NA,NA,254671.485079094,"030247_1/14/2024_Sucrose","030247_1/14/2024_Sucrose","yes",NA,"Kumar Lab","yes","Slc26a10","SPT4: 2 day water, 2 days each with increasing dose of sucrose (0.25%, 0.5%, 2%) 2-bottle choice",NA,2.3764259244513e-05,2.5,4.10000610351563,0.378787517547607,2.5,4.1000061035156,0.378787528494608,3,"eligible",FALSE,TRUE
30147,"Sucrose","SUC0120","031921","B6NJ-Slc26a10-/- Cyfip2-S968F<J>","F",2024-04-05,2023-12-18,"Orianna",109,15.5714285714286,NA,NA,82.8000030517578,82.9000015258789,73.0999984741211,80.9000015258789,3,NA,NA,NA,NA,NA,NA,"day 3-6 sucrose","0.5","Sucrose drinking","percent",NA,NA,NA,NA,NA,NA,NA,NA,NA,NA,NA,NA,NA,"031921_4/5/2024_Sucrose","031921_4/5/2024_Sucrose","yes",NA,"Kumar Lab","yes","Slc26a10","SPT5: 2 day water, 3 days 0.25% sucrose, 2 days 0.5% sucrose, 2 days 2% 2-bottle choice sucrose vs water skip weekend work",NA,NA,9.70000457763672,2,0.829059898853302,9.7000045776367,2,0.829059895940316,2,"eligible",TRUE,FALSE
22558,"Sucrose","SUC0057","026147","B6NJ-Strn3+/- Cyfip2-S968F<J>","M",2023-10-01,2023-07-24,"Marina",69,9.85714285714286,NA,22.8999996185303,83.4000015258789,77.0999984741211,79.8000030517578,74.3000030517578,2,NA,NA,NA,NA,NA,NA,"Day 5-7","0.5","Sucrose Drinking","percent",NA,NA,NA,NA,NA,NA,NA,NA,NA,NA,NA,NA,290625.345998462,"026147_10/1/2023_Sucrose","026147_10/1/2023_Sucrose","yes",NA,"Kumar Lab","yes","Strn3","SPT4: 2 day water, 2 days each with increasing dose of sucrose (0.25%, 0.5%, 2%) 2-bottle choice",NA,3.9301294040285e-05,3.59999847412109,2.79999542236328,0.562500298023224,3.59999847412111,2.7999954223633,0.562500298023508,3,"eligible",FALSE,TRUE
21435,"Sucrose","SUC0050","024369","B6NJ-Strn3+/- Cyfip2-S968F<J>","F",2023-09-05,2023-06-24,"Marina",73,10.4285714285714,NA,18.5,82.6999969482422,75.3000030517578,73.5999984741211,71.5999984741211,2,NA,NA,NA,NA,NA,NA,"Day 7-9","2","Sucrose Drinking","percent",NA,NA,NA,NA,NA,NA,NA,NA,NA,NA,NA,NA,329011.877111487,"024369_9/5/2023_Sucrose","024369_9/5/2023_Sucrose","yes",NA,"Kumar Lab","yes","Strn3","SPT4: 2 day water, 2 days each with increasing dose of sucrose (0.25%, 0.5%, 2%) 2-bottle choice",NA,0.000491891809411951,9.09999847412109,3.70000457763672,0.710937201976776,9.09999847412111,3.7000045776367,0.710937211290072,4,"eligible",FALSE,TRUE
52309,"Sucrose","SUC0407","056971","B6NJ-Stx16-/- Cyfip2-S968F<J>","M",2026-02-11,2025-11-05,"Fionna",98,14,NA,NA,94.2099990844727,90.4499969482422,84.0100021362305,84.3399963378906,2,NA,NA,NA,NA,NA,NA,"day 8-10 sucrose","2","Sucrose drinking","percent",NA,NA,NA,NA,NA,NA,NA,NA,NA,NA,NA,NA,NA,"056971_2/11/2026_Sucrose","056971_2/11/2026_Sucrose","yes",NA,"Kumar Lab","no","Stx16","SPT5: 2 day water, 3 days 0.25% sucrose, 2 days 0.5% sucrose, 2 days 2% 2-bottle choice sucrose vs water skip weekend work",NA,NA,10.1999969482422,6.11000061035156,0.625383079051971,10.1999969482422,6.11000061035161,0.625383106993034,4,"eligible",FALSE,TRUE
32484,"Sucrose","SUC0157","034110","B6NJ-Synj1+/- Cyfip2-S968F<J>","F",2024-06-10,2024-02-06,"Orianna",125,17.8571428571429,NA,NA,81.8000030517578,79.6999969482422,81.5,74.8000030517578,2,NA,NA,NA,NA,NA,NA,"Bottle was NOT overfilled , day 6-8 sucrose","0.5","Sucrose drinking","percent",NA,NA,NA,NA,NA,NA,NA,NA,NA,NA,NA,NA,NA,"034110_6/10/2024_Sucrose","034110_6/10/2024_Sucrose","yes",NA,"Kumar Lab","yes","Synj1","SPT5: 2 day water, 3 days 0.25% sucrose, 2 days 0.5% sucrose, 2 days 2% 2-bottle choice sucrose vs water skip weekend work",NA,NA,0.300003051757813,4.89999389648438,0.0576929301023483,0.300003051757798,4.8999938964844,0.0576929284274313,3,"eligible",FALSE,TRUE
32486,"Sucrose","SUC0157A","034112","B6NJ-Synj1+/- Cyfip2-S968F<J>","M",2024-06-10,2024-02-06,"Orianna",125,17.8571428571429,NA,NA,81.8000030517578,78,79.6999969482422,73.8000030517578,2,NA,NA,NA,NA,NA,NA,"day 6-8 sucrose","0.5","Sucrose drinking","percent",NA,NA,NA,NA,NA,NA,NA,NA,NA,NA,NA,NA,NA,"034112_6/10/2024_Sucrose","034112_6/10/2024_Sucrose","yes",NA,"Kumar Lab","yes","Synj1","SPT5: 2 day water, 3 days 0.25% sucrose, 2 days 0.5% sucrose, 2 days 2% 2-bottle choice sucrose vs water skip weekend work",NA,NA,2.10000610351563,4.19999694824219,0.333334147930145,2.1000061035156,4.1999969482422,0.333334140676275,3,"eligible",FALSE,TRUE
32530,"Sucrose","SUC0157","034108","B6NJ-Synj1+/- Cyfip2-S968F<J>","F",2024-06-12,2024-02-06,"Orianna",127,18.1428571428571,NA,NA,79.3000030517578,78.4000015258789,77.5,73.4000015258789,2,NA,NA,NA,NA,NA,NA,"day 8-10 sucrose","2","Sucrose drinking","percent",NA,NA,NA,NA,NA,NA,NA,NA,NA,NA,NA,NA,NA,"034108_6/12/2024_Sucrose","034108_6/12/2024_Sucrose","yes",NA,"Kumar Lab","yes","Synj1","SPT5: 2 day water, 3 days 0.25% sucrose, 2 days 0.5% sucrose, 2 days 2% 2-bottle choice sucrose vs water skip weekend work",NA,NA,1.80000305175781,5,0.26470622420311,1.8000030517578,5,0.264706212343905,4,"eligible",TRUE,TRUE
32531,"Sucrose","SUC0157","034110","B6NJ-Synj1+/- Cyfip2-S968F<J>","F",2024-06-12,2024-02-06,"Orianna",127,18.1428571428571,NA,NA,79.8000030517578,74.8000030517578,77.9000015258789,71.0999984741211,2,NA,NA,NA,NA,NA,NA,"day 8-10 sucrose","2","Sucrose drinking","percent",NA,NA,NA,NA,NA,NA,NA,NA,NA,NA,NA,NA,NA,"034110_6/12/2024_Sucrose","034110_6/12/2024_Sucrose","yes",NA,"Kumar Lab","yes","Synj1","SPT5: 2 day water, 3 days 0.25% sucrose, 2 days 0.5% sucrose, 2 days 2% 2-bottle choice sucrose vs water skip weekend work",NA,NA,1.90000152587891,3.70000457763672,0.339285612106323,1.90000152587889,3.7000045776367,0.339285616972114,4,"eligible",TRUE,TRUE
37263,"Sucrose","SUC0209","039065","B6NJ-Synj1+/- Cyfip2-S968F<J>","F",2024-11-27,2024-07-09,"Fionna",141,20.1428571428571,NA,NA,95.1999969482422,86.8000030517578,77.5,85.5,2,NA,NA,NA,NA,NA,NA,"day 8-10 sucrose","2","Sucrose drinking","percent",NA,NA,NA,NA,NA,NA,NA,NA,NA,NA,NA,NA,NA,"039065_11/27/2024_Sucrose","039065_11/27/2024_Sucrose","yes",NA,"Kumar Lab","yes","Synj1","SPT5: 2 day water, 3 days 0.25% sucrose, 2 days 0.5% sucrose, 2 days 2% 2-bottle choice sucrose vs water skip weekend work",NA,NA,17.6999969482422,1.30000305175781,0.931578814983368,17.6999969482422,1.3000030517578,0.93157878674959,4,"eligible",TRUE,FALSE
23483,"Sucrose","SUC0068","027097","B6NJ-Tars3-/- Cyfip2-S968F<J>","M",2023-10-29,2023-08-18,"Marina_Misty",72,10.2857142857143,NA,21.7999992370605,82.5,74.5999984741211,74.5999984741211,73.3000030517578,2,NA,NA,NA,NA,NA,NA,"Day 5- 7","0.5","Sucrose Drinking","percent",NA,NA,NA,NA,NA,NA,NA,NA,NA,NA,NA,NA,282316.523641762,"027097_10/29/2023_Sucrose","027097_10/29/2023_Sucrose","yes",NA,"Kumar Lab","yes","Tars3","SPT4: 2 day water, 2 days each with increasing dose of sucrose (0.25%, 0.5%, 2%) 2-bottle choice",NA,9.05963509444613e-05,7.90000152587891,1.29999542236328,0.858696103096008,7.90000152587891,1.2999954223633,0.858696102870808,3,"eligible",TRUE,FALSE
25741,"Sucrose","SUC0076A","028586","B6NJ-Tars3-/- Cyfip2-S968F<J>","F",2023-12-05,2023-09-18,"Marina_Misty",78,11.1428571428571,NA,14.3000001907349,86.0999984741211,79.0999984741211,83.4000015258789,77.0999984741211,2,NA,NA,NA,NA,NA,NA,"Days 7-9","2","Sucrose","percent",NA,NA,NA,NA,NA,NA,NA,NA,NA,NA,NA,NA,502149.660041787,"028586_12/5/2023_Sucrose","028586_12/5/2023_Sucrose","yes",NA,"Kumar Lab","yes","Tars3","SPT4: 2 day water, 2 days each with increasing dose of sucrose (0.25%, 0.5%, 2%) 2-bottle choice",NA,0.000188810972883171,2.69999694824219,2,0.574467837810516,2.69999694824219,2,0.574467808804002,4,"eligible",TRUE,TRUE
27725,"Sucrose","SUC0093","030839","B6NJ-Tars3-/- Cyfip2-S968F<J>","M",2024-02-13,2023-11-13,"Misty",92,13.1428571428571,NA,26.3999996185303,82.8000030517578,68.1999969482422,77.1999969482422,64.8000030517578,2,NA,NA,NA,NA,NA,NA,"Days 7-9","2","Sucrose","percent",NA,NA,NA,NA,NA,NA,NA,NA,NA,NA,NA,NA,242127.282144478,"030839_2/13/2024_Sucrose","030839_2/13/2024_Sucrose","yes",NA,"Kumar Lab","yes","Tars3","SPT4: 2 day water, 2 days each with increasing dose of sucrose (0.25%, 0.5%, 2%) 2-bottle choice",NA,0.000212121446380058,5.60000610351563,3.39999389648438,0.622222900390625,5.6000061035156,3.3999938964844,0.622222900390622,4,"eligible",FALSE,TRUE
31525,"Sucrose","SUC0147","033758","B6NJ-Tbc1d30-/- Cyfip2-S968F<J>","F",2024-05-13,2024-01-24,"Orianna",110,15.7142857142857,NA,NA,80.3000030517578,68.5,79.0999984741211,63.7999992370605,2,NA,NA,NA,NA,NA,NA,"day 6-8 sucrose","0.5","Sucrose drinking","percent",NA,NA,NA,NA,NA,NA,NA,NA,NA,NA,NA,NA,NA,"033758_5/13/2024_Sucrose","033758_5/13/2024_Sucrose","yes",NA,"Kumar Lab","yes","Tbc1d30","SPT5: 2 day water, 3 days 0.25% sucrose, 2 days 0.5% sucrose, 2 days 2% 2-bottle choice sucrose vs water skip weekend work",NA,NA,1.20000457763672,4.70000076293945,0.203390419483185,1.2000045776367,4.7000007629395,0.20339042227367,3,"eligible",TRUE,TRUE
32467,"Sucrose","SUC0152","033891","B6NJ-Tbc1d30-/- Cyfip2-S968F<J>","F",2024-06-10,2024-02-03,"Orianna",128,18.2857142857143,NA,NA,79.3000030517578,78.9000015258789,79.0999984741211,73.5999984741211,2,NA,NA,NA,NA,NA,NA,"day 6-8 sucrose","0.5","Sucrose drinking","percent",NA,NA,NA,NA,NA,NA,NA,NA,NA,NA,NA,NA,NA,"033891_6/10/2024_Sucrose","033891_6/10/2024_Sucrose","yes",NA,"Kumar Lab","yes","Tbc1d30","SPT5: 2 day water, 3 days 0.25% sucrose, 2 days 0.5% sucrose, 2 days 2% 2-bottle choice sucrose vs water skip weekend work",NA,NA,0.200004577636719,5.30000305175781,0.0363644175231457,0.200004577636705,5.30000305175781,0.0363644182178567,3,"eligible",TRUE,TRUE
26352,"Sucrose","SUC0079","030268","B6NJ-Tmem 79-/- Cyfip2-S968F<J>","F",2024-01-14,2023-10-27,"Misty",79,11.2857142857143,NA,21,84.3000030517578,73.1999969482422,81,67.3000030517578,2,NA,NA,NA,NA,NA,NA,"Days 5-7","0.5","Sucrose","percent",NA,NA,NA,NA,NA,NA,NA,NA,NA,NA,NA,NA,325157.156808036,"030268_1/14/2024_Sucrose","030268_1/14/2024_Sucrose","yes",NA,"Kumar Lab","yes","Tmem 79","SPT4: 2 day water, 2 days each with increasing dose of sucrose (0.25%, 0.5%, 2%) 2-bottle choice",NA,3.92857506161644e-05,3.30000305175781,5.89999389648438,0.358696103096008,3.3000030517578,5.8999938964844,0.358696102870807,3,"eligible",FALSE,TRUE
29503,"Sucrose","SUC0110","031302","B6NJ-Tmem 79-/- Cyfip2-S968F<J>","M",2024-03-11,2023-11-24,"Orianna",108,15.4285714285714,NA,NA,82.6999969482422,84.1999969482422,81.1999969482422,76.9000015258789,2,NA,NA,NA,NA,NA,NA,"day 6-8 sucrose","0.5","Sucrose drinking","percent",NA,NA,NA,NA,NA,NA,NA,NA,NA,NA,NA,NA,NA,"031302_3/11/2024_Sucrose","031302_3/11/2024_Sucrose","yes",NA,"Kumar Lab","yes","Tmem 79","SPT5: 2 day water, 3 days 0.25% sucrose, 2 days 0.5% sucrose, 2 days 2% 2-bottle choice sucrose vs water skip weekend work",NA,NA,1.5,7.29999542236328,0.170454636216164,1.5,7.2999954223633,0.170454634122658,3,"eligible",TRUE,TRUE
30158,"Sucrose","SUC0125","032137","B6NJ-Tmem 79-/- Cyfip2-S968F<J>","F",2024-04-05,2023-12-20,"Orianna",107,15.2857142857143,NA,NA,82.9000015258789,75.8000030517578,76.9000015258789,67,3,NA,NA,NA,NA,NA,NA,"day 3-6 sucrose","0.5","Sucrose drinking","percent",NA,NA,NA,NA,NA,NA,NA,NA,NA,NA,NA,NA,NA,"032137_4/5/2024_Sucrose","032137_4/5/2024_Sucrose","yes",NA,"Kumar Lab","yes","Tmem 79","SPT5: 2 day water, 3 days 0.25% sucrose, 2 days 0.5% sucrose, 2 days 2% 2-bottle choice sucrose vs water skip weekend work",NA,NA,6,8.80000305175781,0.405405312776566,6,8.8000030517578,0.405405321810888,2,"eligible",FALSE,TRUE
30160,"Sucrose","SUC0125","032139","B6NJ-Tmem 79-/- Cyfip2-S968F<J>","M",2024-04-05,2023-12-20,"Orianna",107,15.2857142857143,NA,NA,82.9000015258789,77.5999984741211,77.1999969482422,70.9000015258789,3,NA,NA,NA,NA,NA,NA,"day 3-6 sucrose","0.5","Sucrose drinking","percent",NA,NA,NA,NA,NA,NA,NA,NA,NA,NA,NA,NA,NA,"032139_4/5/2024_Sucrose","032139_4/5/2024_Sucrose","yes",NA,"Kumar Lab","yes","Tmem 79","SPT5: 2 day water, 3 days 0.25% sucrose, 2 days 0.5% sucrose, 2 days 2% 2-bottle choice sucrose vs water skip weekend work",NA,NA,5.70000457763672,6.69999694824219,0.45967772603035,5.7000045776367,6.69999694824219,0.459677731953561,2,"eligible",FALSE,TRUE
30163,"Sucrose","SUC0125","032324","B6NJ-Tmem 79-/- Cyfip2-S968F<J>","F",2024-04-05,2023-12-26,"Orianna",101,14.4285714285714,NA,NA,83.5999984741211,73.5999984741211,81.3000030517578,62.2999992370605,3,NA,NA,NA,NA,NA,NA,"day 3-6 sucrose","0.5","Sucrose drinking","percent",NA,NA,NA,NA,NA,NA,NA,NA,NA,NA,NA,NA,NA,"032324_4/5/2024_Sucrose","032324_4/5/2024_Sucrose","yes",NA,"Kumar Lab","yes","Tmem 79","SPT5: 2 day water, 3 days 0.25% sucrose, 2 days 0.5% sucrose, 2 days 2% 2-bottle choice sucrose vs water skip weekend work",NA,NA,2.29999542236328,11.2999992370605,0.169117376208305,2.2999954223633,11.2999992370606,0.169117376878494,2,"eligible",TRUE,TRUE
29549,"Sucrose","SUC0110","031298","B6NJ-Tmem 79-/- Cyfip2-S968F<J>","F",2024-03-13,2023-11-24,"Orianna",110,15.7142857142857,NA,NA,83.8000030517578,83.4000015258789,79.5999984741211,79,2,NA,NA,NA,NA,NA,NA,"day 8-10 sucrose","2","Sucrose drinking","percent",NA,NA,NA,NA,NA,NA,NA,NA,NA,NA,NA,NA,NA,"031298_3/13/2024_Sucrose","031298_3/13/2024_Sucrose","yes",NA,"Kumar Lab","yes","Tmem 79","SPT5: 2 day water, 3 days 0.25% sucrose, 2 days 0.5% sucrose, 2 days 2% 2-bottle choice sucrose vs water skip weekend work",NA,NA,4.20000457763672,4.40000152587891,0.488372266292572,4.2000045776367,4.40000152587891,0.488372278703358,4,"eligible",TRUE,TRUE
30256,"Sucrose","SUC0125","032137","B6NJ-Tmem 79-/- Cyfip2-S968F<J>","F",2024-04-10,2023-12-20,"Orianna",112,16,NA,NA,76,65.5999984741211,62,64,2,NA,NA,NA,NA,NA,NA,"day 8-10 sucrose","2","Sucrose drinking","percent",NA,NA,NA,NA,NA,NA,NA,NA,NA,NA,NA,NA,NA,"032137_4/10/2024_Sucrose","032137_4/10/2024_Sucrose","yes",NA,"Kumar Lab","yes","Tmem 79","SPT5: 2 day water, 3 days 0.25% sucrose, 2 days 0.5% sucrose, 2 days 2% 2-bottle choice sucrose vs water skip weekend work",NA,NA,14,1.59999847412109,0.897435963153839,14,1.59999847412109,0.897435985216579,4,"eligible",TRUE,FALSE
40625,"Sucrose","SUC0239","042610","B6NJ-Tmem151b-/- Cyfip2-S968F<J>","M",2025-02-17,2024-09-25,"Fionna",145,20.7142857142857,NA,NA,97,94.1999969482422,95.9000015258789,86.9000015258789,2,NA,NA,NA,NA,NA,NA,"day 6-8 sucrose","0.5","Sucrose drinking","percent",NA,NA,NA,NA,NA,NA,NA,NA,NA,NA,NA,NA,NA,"042610_2/17/2025_Sucrose","042610_2/17/2025_Sucrose","yes",NA,"Kumar Lab","yes","Tmem151b","SPT5: 2 day water, 3 days 0.25% sucrose, 2 days 0.5% sucrose, 2 days 2% 2-bottle choice sucrose vs water skip weekend work",NA,NA,1.09999847412109,7.29999542236328,0.130952298641205,1.09999847412109,7.2999954223633,0.130952294451246,3,"eligible",TRUE,TRUE
30250,"Sucrose","SUC0121","032145","B6NJ-Tmem151b-/- Cyfip2-S968F<J>","F",2024-04-10,2023-12-23,"Orianna",109,15.5714285714286,NA,NA,76.8000030517578,76.5,72.9000015258789,73.5,2,NA,NA,NA,NA,NA,NA,"day 8-10 sucrose","2","Sucrose drinking","percent",NA,NA,NA,NA,NA,NA,NA,NA,NA,NA,NA,NA,NA,"032145_4/10/2024_Sucrose","032145_4/10/2024_Sucrose","yes",NA,"Kumar Lab","yes","Tmem151b","SPT5: 2 day water, 3 days 0.25% sucrose, 2 days 0.5% sucrose, 2 days 2% 2-bottle choice sucrose vs water skip weekend work",NA,NA,3.90000152587891,3,0.5652174949646,3.90000152587889,3,0.565217487452965,4,"eligible",TRUE,TRUE
40674,"Sucrose","SUC0239","042610","B6NJ-Tmem151b-/- Cyfip2-S968F<J>","M",2025-02-19,2024-09-25,"Fionna",147,21,NA,NA,95.4000015258789,86.9000015258789,80.8000030517578,85.9000015258789,2,NA,NA,NA,NA,NA,NA,"day 8-10 sucrose","2","Sucrose drinking","percent",NA,NA,NA,NA,NA,NA,NA,NA,NA,NA,NA,NA,NA,"042610_2/19/2025_Sucrose","042610_2/19/2025_Sucrose","yes",NA,"Kumar Lab","yes","Tmem151b","SPT5: 2 day water, 3 days 0.25% sucrose, 2 days 0.5% sucrose, 2 days 2% 2-bottle choice sucrose vs water skip weekend work",NA,NA,14.5999984741211,1,0.935897409915924,14.5999984741211,1,0.935897429627387,4,"eligible",TRUE,FALSE
40676,"Sucrose","SUC0239","042614","B6NJ-Tmem151b-/- Cyfip2-S968F<J>","F",2025-02-19,2024-10-07,"Fionna",135,19.2857142857143,NA,NA,94.5,88.4000015258789,78,86.6999969482422,2,NA,NA,NA,NA,NA,NA,"day 8-10 sucrose","2","Sucrose drinking","percent",NA,NA,NA,NA,NA,NA,NA,NA,NA,NA,NA,NA,NA,"042614_2/19/2025_Sucrose","042614_2/19/2025_Sucrose","yes",NA,"Kumar Lab","yes","Tmem151b","SPT5: 2 day water, 3 days 0.25% sucrose, 2 days 0.5% sucrose, 2 days 2% 2-bottle choice sucrose vs water skip weekend work",NA,NA,16.5,1.70000457763672,0.906593203544617,16.5,1.7000045776367,0.90659317856845,4,"eligible",TRUE,FALSE
40686,"Sucrose","SUC0242","043162","B6NJ-Tmem151b-/- Cyfip2-S968F<J>","F",2025-02-19,2024-10-26,"Fionna",116,16.5714285714286,NA,NA,95.3000030517578,84.5,80.4000015258789,81.1999969482422,2,NA,NA,NA,NA,NA,NA,"day 8-10 sucrose","2","Sucrose drinking","percent",NA,NA,NA,NA,NA,NA,NA,NA,NA,NA,NA,NA,NA,"043162_2/19/2025_Sucrose","043162_2/19/2025_Sucrose","yes",NA,"Kumar Lab","yes","Tmem151b","SPT5: 2 day water, 3 days 0.25% sucrose, 2 days 0.5% sucrose, 2 days 2% 2-bottle choice sucrose vs water skip weekend work",NA,NA,14.9000015258789,3.30000305175781,0.818681180477142,14.9000015258789,3.3000030517578,0.818681196607352,4,"eligible",TRUE,FALSE
27577,"Sucrose","SUC0096","030711","B6NJ-Tmod2-/- Cyfip2-S968F<J>","M",2024-02-07,2023-11-08,"Misty",91,13,NA,25.3999996185303,82.8000030517578,81.5999984741211,78.6999969482422,78.6999969482422,2,NA,NA,NA,NA,NA,NA,"Days 1-3","0","Both Drinking Water","Percent",NA,NA,NA,NA,NA,NA,NA,NA,NA,NA,NA,NA,256549.604769573,"030711_2/7/2024_Sucrose","030711_2/7/2024_Sucrose","yes",NA,"Kumar Lab","yes","Tmod2","SPT4: 2 day water, 2 days each with increasing dose of sucrose (0.25%, 0.5%, 2%) 2-bottle choice",NA,0,4.10000610351563,2.90000152587891,0.585714519023895,4.1000061035156,2.90000152587889,0.585714519266925,1,"eligible",TRUE,TRUE
30138,"Sucrose","SUC0133","032340","B6NJ-Tmod2-/- Cyfip2-S968F<J>","F",2024-04-03,2023-12-31,"Orianna",94,13.4285714285714,NA,21.8999996185303,81.9000015258789,82.6999969482422,77.1999969482422,80.0999984741211,2,NA,NA,NA,NA,NA,NA,"day 1-3, both water days","0","Both Water Bottles","Percent",NA,NA,NA,NA,NA,NA,NA,NA,NA,NA,NA,NA,288706.840074563,"032340_4/3/2024_Sucrose","032340_4/3/2024_Sucrose","yes",NA,"Kumar Lab","yes","Tmod2","SPT5: 2 day water, 3 days 0.25% sucrose, 2 days 0.5% sucrose, 2 days 2% 2-bottle choice sucrose vs water skip weekend work",NA,NA,4.70000457763672,2.59999847412109,0.643835961818695,4.7000045776367,2.59999847412111,0.643835974356882,1,"eligible",TRUE,TRUE
31423,"Sucrose","SUC0145","033772","B6NJ-Tmod2-/- Cyfip2-S968F<J>","M",2024-05-08,2024-01-26,"Orianna",103,14.7142857142857,NA,25.1000003814697,78.3000030517578,79.9000015258789,75.1999969482422,77.1999969482422,2,NA,NA,NA,NA,NA,NA,"day 1-3, both water days","0","Both Water Bottles","Percent",NA,NA,NA,NA,NA,NA,NA,NA,NA,NA,NA,NA,234588.050468596,"033772_5/8/2024_Sucrose","033772_5/8/2024_Sucrose","yes",NA,"Kumar Lab","yes","Tmod2","SPT5: 2 day water, 3 days 0.25% sucrose, 2 days 0.5% sucrose, 2 days 2% 2-bottle choice sucrose vs water skip weekend work",NA,NA,3.10000610351563,2.70000457763672,0.534482836723328,3.1000061035156,2.7000045776367,0.534482826659159,1,"eligible",FALSE,TRUE
27676,"Sucrose","SUC0096","030710","B6NJ-Tmod2-/- Cyfip2-S968F<J>","F",2024-02-11,2023-11-08,"Misty",95,13.5714285714286,NA,17.6000003814697,83.6999969482422,75.5,80.6999969482422,70.4000015258789,2,NA,NA,NA,NA,NA,NA,"Days 5-7","0.5","Sucrose","percent",NA,NA,NA,NA,NA,NA,NA,NA,NA,NA,NA,NA,383783.477787896,"030710_2/11/2024_Sucrose","030710_2/11/2024_Sucrose","yes",NA,"Kumar Lab","yes","Tmod2","SPT4: 2 day water, 2 days each with increasing dose of sucrose (0.25%, 0.5%, 2%) 2-bottle choice",NA,4.26136354400107e-05,3,5.09999847412109,0.370370447635651,3,5.09999847412109,0.370370440140795,3,"eligible",FALSE,TRUE
27681,"Sucrose","SUC0096","030846","B6NJ-Tmod2-/- Cyfip2-S968F<J>","F",2024-02-11,2023-11-14,"Misty",89,12.7142857142857,NA,17,83,76.9000015258789,80.5999984741211,73.5999984741211,2,NA,NA,NA,NA,NA,NA,"Days 5-7","0.5","Sucrose","percent",NA,NA,NA,NA,NA,NA,NA,NA,NA,NA,NA,NA,393517.635569853,"030846_2/11/2024_Sucrose","030846_2/11/2024_Sucrose","yes",NA,"Kumar Lab","yes","Tmod2","SPT4: 2 day water, 2 days each with increasing dose of sucrose (0.25%, 0.5%, 2%) 2-bottle choice",NA,3.52941400864545e-05,2.40000152587891,3.30000305175781,0.421052575111389,2.40000152587891,3.30000305175781,0.421052561132148,3,"eligible",FALSE,TRUE
30187,"Sucrose","SUC0133","032340","B6NJ-Tmod2-/- Cyfip2-S968F<J>","F",2024-04-05,2023-12-31,"Orianna",96,13.7142857142857,NA,NA,82.1999969482422,80.0999984741211,73.6999969482422,78.4000015258789,3,NA,NA,NA,NA,NA,NA,"day 3-6 sucrose","0.5","Sucrose drinking","percent",NA,NA,NA,NA,NA,NA,NA,NA,NA,NA,NA,NA,NA,"032340_4/5/2024_Sucrose","032340_4/5/2024_Sucrose","yes",NA,"Kumar Lab","yes","Tmod2","SPT5: 2 day water, 3 days 0.25% sucrose, 2 days 0.5% sucrose, 2 days 2% 2-bottle choice sucrose vs water skip weekend work",NA,NA,8.5,1.69999694824219,0.833333611488342,8.5,1.69999694824219,0.833333582660027,2,"eligible",TRUE,FALSE
27726,"Sucrose","SUC0096","030710","B6NJ-Tmod2-/- Cyfip2-S968F<J>","F",2024-02-13,2023-11-08,"Misty",97,13.8571428571429,NA,17.6000003814697,82.9000015258789,70.4000015258789,76.5,68.5999984741211,2,NA,NA,NA,NA,NA,NA,"Days 7-9","2","Sucrose","percent",NA,NA,NA,NA,NA,NA,NA,NA,NA,NA,NA,NA,360332.384102293,"030710_2/13/2024_Sucrose","030710_2/13/2024_Sucrose","yes",NA,"Kumar Lab","yes","Tmod2","SPT4: 2 day water, 2 days each with increasing dose of sucrose (0.25%, 0.5%, 2%) 2-bottle choice",NA,0.000363636442452421,6.40000152587891,1.80000305175781,0.780487537384033,6.40000152587891,1.80000305175781,0.780487555254929,4,"eligible",FALSE,TRUE
27733,"Sucrose","SUC0096","030848","B6NJ-Tmod2-/- Cyfip2-S968F<J>","M",2024-02-13,2023-11-14,"Misty",91,13,NA,25.6000003814697,84,77.5999984741211,74.8000030517578,74.5999984741211,2,NA,NA,NA,NA,NA,NA,"Days 7-9","2","Sucrose","percent",NA,NA,NA,NA,NA,NA,NA,NA,NA,NA,NA,NA,245437.503972091,"030848_2/13/2024_Sucrose","030848_2/13/2024_Sucrose","yes",NA,"Kumar Lab","yes","Tmod2","SPT4: 2 day water, 2 days each with increasing dose of sucrose (0.25%, 0.5%, 2%) 2-bottle choice",NA,0.000359374875435608,9.19999694824219,3,0.754098296165466,9.1999969482422,3,0.754098299144883,4,"eligible",FALSE,TRUE
30285,"Sucrose","SUC0133","032340","B6NJ-Tmod2-/- Cyfip2-S968F<J>","F",2024-04-10,2023-12-31,"Orianna",101,14.4285714285714,NA,NA,74.5999984741211,76.9000015258789,53.4000015258789,76,2,NA,NA,NA,NA,NA,NA,"day 8-10 sucrose","2","Sucrose drinking","percent",NA,NA,NA,NA,NA,NA,NA,NA,NA,NA,NA,NA,NA,"032340_4/10/2024_Sucrose","032340_4/10/2024_Sucrose","yes",NA,"Kumar Lab","yes","Tmod2","SPT5: 2 day water, 3 days 0.25% sucrose, 2 days 0.5% sucrose, 2 days 2% 2-bottle choice sucrose vs water skip weekend work",NA,NA,21.1999969482422,0.900001525878906,0.959275960922241,21.1999969482422,0.900001525878906,0.95927594624349,4,"eligible",TRUE,FALSE
31557,"Sucrose","SUC0139","033294","B6NJ-Tppp-/- Cyfip2-S968F<J>","F",2024-05-15,2024-01-14,"Orianna",122,17.4285714285714,NA,NA,80.3000030517578,74.1999969482422,76.8000030517578,71.6999969482422,2,NA,NA,NA,NA,NA,NA,"day 8-10 sucrose","2","Sucrose drinking","percent",NA,NA,NA,NA,NA,NA,NA,NA,NA,NA,NA,NA,NA,"033294_5/15/2024_Sucrose","033294_5/15/2024_Sucrose","yes",NA,"Kumar Lab","yes","Tppp","SPT5: 2 day water, 3 days 0.25% sucrose, 2 days 0.5% sucrose, 2 days 2% 2-bottle choice sucrose vs water skip weekend work",NA,NA,3.5,2.5,0.583333313465118,3.5,2.5,0.583333333333333,4,"eligible",TRUE,TRUE
42051,"Sucrose","SUC0264","046320","B6NJ-Tppp-/- Cyfip2-S968F<J>","F",2025-03-26,2025-01-14,"Fionna",71,10.1428571428571,NA,NA,103.400001525879,80.6999969482422,92.1999969482422,77.4000015258789,2,NA,NA,NA,NA,NA,NA,"day 8-10 sucrose","2","Sucrose drinking","percent",NA,NA,NA,NA,NA,NA,NA,NA,NA,NA,NA,NA,NA,"046320_3/26/2025_Sucrose","046320_3/26/2025_Sucrose","yes",NA,"Kumar Lab","yes","Tppp","SPT5: 2 day water, 3 days 0.25% sucrose, 2 days 0.5% sucrose, 2 days 2% 2-bottle choice sucrose vs water skip weekend work",NA,NA,11.2000045776367,3.29999542236328,0.772414088249207,11.2000045776368,3.2999954223633,0.772414108802533,4,"eligible",TRUE,FALSE
45341,"Sucrose","SUC0309","049777","B6NJ-Trim46-/- Cyfip2-S968F<J>","F",2025-06-25,2025-03-31,"Fionna",86,12.2857142857143,NA,25.3999996185303,102.400001525879,100.099998474121,82.0999984741211,94,2,NA,NA,NA,NA,NA,NA,"day 1-3, both water days","0","Both Water Bottles","Percent",NA,NA,NA,NA,NA,NA,NA,NA,NA,NA,NA,NA,330985.833280456,"049777_6/25/2025_Sucrose","049777_6/25/2025_Sucrose","yes",NA,"Kumar Lab","no","Trim46","SPT5: 2 day water, 3 days 0.25% sucrose, 2 days 0.5% sucrose, 2 days 2% 2-bottle choice sucrose vs water skip weekend work",NA,NA,20.3000030517578,6.09999847412109,0.768939435482025,20.3000030517579,6.09999847412099,0.76893946509278,1,"eligible",TRUE,FALSE
44106,"Sucrose","SUC0292","048448","B6NJ-Trim46-/- Cyfip2-S968F<J>","M",2025-05-19,2025-03-03,"Fionna",77,11,NA,NA,96.1999969482422,78.5,86,75.5999984741211,2,NA,NA,NA,NA,NA,NA,"day 6-8 sucrose","0.5","Sucrose drinking","percent",NA,NA,NA,NA,NA,NA,NA,NA,NA,NA,NA,NA,NA,"048448_5/19/2025_Sucrose","048448_5/19/2025_Sucrose","yes",NA,"Kumar Lab","no","Trim46","SPT5: 2 day water, 3 days 0.25% sucrose, 2 days 0.5% sucrose, 2 days 2% 2-bottle choice sucrose vs water skip weekend work",NA,NA,10.1999969482422,2.90000152587891,0.778625786304474,10.1999969482422,2.90000152587891,0.778625811933656,3,"eligible",TRUE,FALSE
44147,"Sucrose","SUC0292","048443","B6NJ-Trim46-/- Cyfip2-S968F<J>","F",2025-05-21,2025-03-03,"Fionna",79,11.2857142857143,NA,NA,97,86.5,80.6999969482422,84,2,NA,NA,NA,NA,NA,NA,"day 8-10 sucrose","2","Sucrose drinking","percent",NA,NA,NA,NA,NA,NA,NA,NA,NA,NA,NA,NA,NA,"048443_5/21/2025_Sucrose","048443_5/21/2025_Sucrose","yes",NA,"Kumar Lab","no","Trim46","SPT5: 2 day water, 3 days 0.25% sucrose, 2 days 0.5% sucrose, 2 days 2% 2-bottle choice sucrose vs water skip weekend work",NA,NA,16.3000030517578,2.5,0.867021322250366,16.3000030517578,2.5,0.867021298181851,4,"eligible",TRUE,FALSE
45508,"Sucrose","SUC0309","049781","B6NJ-Trim46-/- Cyfip2-S968F<J>","F",2025-07-02,2025-03-31,"Fionna",93,13.2857142857143,NA,NA,96.0999984741211,83.6999969482422,79,78.9000015258789,2,NA,NA,NA,NA,NA,NA,"day 8-10 sucrose","2","Sucrose drinking","percent",NA,NA,NA,NA,NA,NA,NA,NA,NA,NA,NA,NA,NA,"049781_7/2/2025_Sucrose","049781_7/2/2025_Sucrose","yes",NA,"Kumar Lab","no","Trim46","SPT5: 2 day water, 3 days 0.25% sucrose, 2 days 0.5% sucrose, 2 days 2% 2-bottle choice sucrose vs water skip weekend work",NA,NA,17.0999984741211,4.79999542236328,0.780822038650513,17.0999984741211,4.7999954223633,0.78082206574798,4,"eligible",TRUE,FALSE
48611,"Sucrose","SUC0353","053546","B6NJ-Xkr4-/- Cyfip2-S968F<J>","F",2025-09-17,2025-07-12,"Fionna",67,9.57142857142857,NA,19.3999996185303,94.1999969482422,92.5,87.6699981689453,86.5999984741211,2,NA,NA,NA,NA,NA,NA,"day 1-3, both water days","0","Both Water Bottles","Percent",NA,NA,NA,NA,NA,NA,NA,NA,NA,NA,NA,NA,425696.589395122,"053546_9/17/2025_Sucrose","053546_9/17/2025_Sucrose","yes",NA,"Kumar Lab","yes","Xkr4","SPT5: 2 day water, 3 days 0.25% sucrose, 2 days 0.5% sucrose, 2 days 2% 2-bottle choice sucrose vs water skip weekend work",NA,NA,6.52999877929688,5.90000152587891,0.525341808795929,6.5299987792969,5.90000152587891,0.525341803618286,1,"eligible",TRUE,FALSE
48612,"Sucrose","SUC0353","053548","B6NJ-Xkr4-/- Cyfip2-S968F<J>","F",2025-09-17,2025-07-12,"Fionna",67,9.57142857142857,NA,20.2999992370605,94.5,95.9000015258789,87.1999969482422,91.120002746582,2,NA,NA,NA,NA,NA,NA,"day 1-3, both water days","0","Both Water Bottles","Percent",NA,NA,NA,NA,NA,NA,NA,NA,NA,NA,NA,NA,405931.020875039,"053548_9/17/2025_Sucrose","053548_9/17/2025_Sucrose","yes",NA,"Kumar Lab","yes","Xkr4","SPT5: 2 day water, 3 days 0.25% sucrose, 2 days 0.5% sucrose, 2 days 2% 2-bottle choice sucrose vs water skip weekend work",NA,NA,7.30000305175781,4.77999877929688,0.604304790496826,7.3000030517578,4.7799987792969,0.604304796791611,1,"eligible",TRUE,FALSE
48671,"Sucrose","SUC0353","053546","B6NJ-Xkr4-/- Cyfip2-S968F<J>","F",2025-09-22,2025-07-12,"Fionna",72,10.2857142857143,NA,NA,100.800003051758,93.6999969482422,92.870002746582,90.370002746582,2,NA,NA,NA,NA,NA,NA,"day 6-8 sucrose","0.5","Sucrose drinking","percent",NA,NA,NA,NA,NA,NA,NA,NA,NA,NA,NA,NA,NA,"053546_9/22/2025_Sucrose","053546_9/22/2025_Sucrose","yes",NA,"Kumar Lab","yes","Xkr4","SPT5: 2 day water, 3 days 0.25% sucrose, 2 days 0.5% sucrose, 2 days 2% 2-bottle choice sucrose vs water skip weekend work",NA,NA,7.93000030517578,3.32999420166016,0.704263269901276,7.93000030517599,3.3299942016602,0.704263248118062,3,"eligible",TRUE,FALSE
48673,"Sucrose","SUC0353","053552","B6NJ-Xkr4-/- Cyfip2-S968F<J>","M",2025-09-22,2025-07-12,"Fionna",72,10.2857142857143,NA,NA,96.8000030517578,83.6999969482422,94.9300003051758,75.6600036621094,2,NA,NA,NA,NA,NA,NA,"day 6-8 sucrose","0.5","Sucrose drinking","percent",NA,NA,NA,NA,NA,NA,NA,NA,NA,NA,NA,NA,NA,"053552_9/22/2025_Sucrose","053552_9/22/2025_Sucrose","yes",NA,"Kumar Lab","yes","Xkr4","SPT5: 2 day water, 3 days 0.25% sucrose, 2 days 0.5% sucrose, 2 days 2% 2-bottle choice sucrose vs water skip weekend work",NA,NA,1.87000274658203,8.03999328613281,0.188698634505272,1.870002746582,8.0399932861328,0.188698637255632,3,"eligible",TRUE,TRUE
50797,"Sucrose","SUC0373","055584","B6NJ-Xkr4-/- Cyfip2-S968F<J>","F",2025-12-17,2025-09-15,"Fionna",93,13.2857142857143,NA,NA,84.8199996948242,84.8099975585938,80.2900009155273,82.5500030517578,2,NA,NA,NA,NA,NA,NA,"day 8-10 sucrose","2","Sucrose drinking","percent",NA,NA,NA,NA,NA,NA,NA,NA,NA,NA,NA,NA,NA,"055584_12/17/2025_Sucrose","055584_12/17/2025_Sucrose","yes",NA,"Kumar Lab","yes","Xkr4","SPT5: 2 day water, 3 days 0.25% sucrose, 2 days 0.5% sucrose, 2 days 2% 2-bottle choice sucrose vs water skip weekend work",NA,NA,4.52999877929688,2.25999450683594,0.66715806722641,4.5299987792969,2.25999450683601,0.667158064581366,4,"eligible",TRUE,TRUE
50798,"Sucrose","SUC0373","055585","B6NJ-Xkr4-/- Cyfip2-S968F<J>","F",2025-12-17,2025-09-15,"Fionna",93,13.2857142857143,NA,NA,90.8399963378906,89.5500030517578,74.1500015258789,86.9700012207031,2,NA,NA,NA,NA,NA,NA,"day 8-10 sucrose","2","Sucrose drinking","percent",NA,NA,NA,NA,NA,NA,NA,NA,NA,NA,NA,NA,NA,"055585_12/17/2025_Sucrose","055585_12/17/2025_Sucrose","yes",NA,"Kumar Lab","yes","Xkr4","SPT5: 2 day water, 3 days 0.25% sucrose, 2 days 0.5% sucrose, 2 days 2% 2-bottle choice sucrose vs water skip weekend work",NA,NA,16.6899948120117,2.58000183105469,0.866113007068634,16.6899948120117,2.5800018310547,0.866113010871591,4,"eligible",TRUE,FALSE
25584,"Sucrose","SUC0078","028635","B6NJ-Zfp536+/- Cyfip2-S968F<J>","F",2023-11-29,2023-09-24,"Marina_Misty",66,9.42857142857143,NA,22.6000003814697,85.4000015258789,84.9000015258789,77.9000015258789,81.0999984741211,2,NA,NA,NA,NA,NA,NA,"Days 1-3","0","Both Drinking Water","Percent",NA,NA,NA,NA,NA,NA,NA,NA,NA,NA,NA,NA,294365.488670729,"028635_11/29/2023_Sucrose","028635_11/29/2023_Sucrose","yes",NA,"Kumar Lab","yes","Zfp536","SPT4: 2 day water, 2 days each with increasing dose of sucrose (0.25%, 0.5%, 2%) 2-bottle choice",NA,0,7.5,3.80000305175781,0.663716614246368,7.5,3.80000305175781,0.66371663491129,1,"eligible",TRUE,FALSE
25763,"Sucrose","SUC0078","027860","B6NJ-Zfp536+/- Cyfip2-S968F<J>","M",2023-12-05,2023-08-28,"Marina_Misty",99,14.1428571428571,NA,25.2000007629395,85,77.0999984741211,78.5,74.8000030517578,2,NA,NA,NA,NA,NA,NA,"Days 7-9","2","Sucrose","percent",NA,NA,NA,NA,NA,NA,NA,NA,NA,NA,NA,NA,264781.73801538,"027860_12/5/2023_Sucrose","027860_12/5/2023_Sucrose","yes",NA,"Kumar Lab","yes","Zfp536","SPT4: 2 day water, 2 days each with increasing dose of sucrose (0.25%, 0.5%, 2%) 2-bottle choice",NA,0.000257936500127384,6.5,2.29999542236328,0.73863673210144,6.5,2.2999954223633,0.738636747864851,4,"eligible",FALSE,TRUE
50818,"Sucrose","SUC0381","056195","B6NJ-Zwint+/- Cyfip2-S968F<J>","F",2025-12-17,2025-09-29,"Fionna",79,11.2857142857143,NA,NA,95.4599990844727,81.6699981689453,79.8099975585938,78.9599990844727,2,NA,NA,NA,NA,NA,NA,"day 8-10 sucrose","2","Sucrose drinking","percent",NA,NA,NA,NA,NA,NA,NA,NA,NA,NA,NA,NA,NA,"056195_12/17/2025_Sucrose","056195_12/17/2025_Sucrose","yes",NA,"Kumar Lab","no","Zwint","SPT5: 2 day water, 3 days 0.25% sucrose, 2 days 0.5% sucrose, 2 days 2% 2-bottle choice sucrose vs water skip weekend work",NA,NA,15.6500015258789,2.70999908447266,0.852396547794342,15.6500015258789,2.7099990844726,0.852396568933408,4,"eligible",TRUE,FALSE
51655,"Sucrose","SUC0390","056245","B6NJ-Zzef1-/- Cyfip2-S968F<J>","F",2026-01-12,2025-10-06,"Fionna",98,14,NA,NA,95.879997253418,84.4499969482422,92.1500015258789,77.4800033569336,2,NA,NA,NA,NA,NA,NA,"day 6-8 sucrose","0.5","Sucrose drinking","percent",NA,NA,NA,NA,NA,NA,NA,NA,NA,NA,NA,NA,NA,"056245_1/12/2026_Sucrose","056245_1/12/2026_Sucrose","yes",NA,"Kumar Lab","no","Zzef1","SPT5: 2 day water, 3 days 0.25% sucrose, 2 days 0.5% sucrose, 2 days 2% 2-bottle choice sucrose vs water skip weekend work",NA,NA,3.72999572753906,6.96999359130859,0.348598092794418,3.72999572753909,6.96999359130861,0.348598079529745,3,"eligible",FALSE,TRUE
51657,"Sucrose","SUC0390","056251","B6NJ-Zzef1-/- Cyfip2-S968F<J>","M",2026-01-12,2025-10-06,"Fionna",98,14,NA,NA,95.379997253418,82.2600021362305,92.4599990844727,77.2099990844727,2,NA,NA,NA,NA,NA,NA,"day 6-8 sucrose","0.5","Sucrose drinking","percent",NA,NA,NA,NA,NA,NA,NA,NA,NA,NA,NA,NA,NA,"056251_1/12/2026_Sucrose","056251_1/12/2026_Sucrose","yes",NA,"Kumar Lab","no","Zzef1","SPT5: 2 day water, 3 days 0.25% sucrose, 2 days 0.5% sucrose, 2 days 2% 2-bottle choice sucrose vs water skip weekend work",NA,NA,2.91999816894531,5.05000305175781,0.366373628377914,2.9199981689453,5.0500030517578,0.366373616275018,3,"eligible",FALSE,TRUE
48035,"Sucrose","SUC0333","050739","B6NJ-Zzef1-/- Cyfip2-S968F<J>","F",2025-08-27,2025-05-01,"Fionna",118,16.8571428571429,NA,NA,95.5800018310547,82.9000015258789,72.370002746582,81.4400024414063,2,NA,NA,NA,NA,NA,NA,"day 8-10 sucrose","2","Sucrose drinking","percent",NA,NA,NA,NA,NA,NA,NA,NA,NA,NA,NA,NA,NA,"050739_8/27/2025_Sucrose","050739_8/27/2025_Sucrose","yes",NA,"Kumar Lab","no","Zzef1","SPT5: 2 day water, 3 days 0.25% sucrose, 2 days 0.5% sucrose, 2 days 2% 2-bottle choice sucrose vs water skip weekend work",NA,NA,23.2099990844727,1.45999908447266,0.940818846225739,23.2099990844727,1.4599990844726,0.940818840987574,4,"eligible",TRUE,TRUE
48691,"Sucrose","SUC0347","052620","B6NJ-Zzef1-/- Cyfip2-S968F<J>","M",2025-09-24,2025-06-19,"Fionna",97,13.8571428571429,NA,NA,94.879997253418,88.9800033569336,85.9499969482422,84.8199996948242,2,NA,NA,NA,NA,NA,NA,"day 8-10 sucrose","2","Sucrose drinking","percent",NA,NA,NA,NA,NA,NA,NA,NA,NA,NA,NA,NA,NA,"052620_9/24/2025_Sucrose","052620_9/24/2025_Sucrose","yes",NA,"Kumar Lab","no","Zzef1","SPT5: 2 day water, 3 days 0.25% sucrose, 2 days 0.5% sucrose, 2 days 2% 2-bottle choice sucrose vs water skip weekend work",NA,NA,8.93000030517578,4.16000366210938,0.682199954986572,8.9300003051758,4.16000366210939,0.682199969342549,4,"eligible",FALSE,TRUE
15168,"Sucrose","SUC0008","011663","C57BL/6J","M",2022-09-05,2022-05-31,"Marina",97,13.8571428571429,NA,31.2000007629395,72.3000030517578,74,86.8000030517578,85.3000030517578,2,NA,NA,NA,NA,NA,NA,"Day 8- Day 10","0","Both Water Bottles","Percent",NA,NA,NA,NA,NA,NA,NA,NA,NA,NA,NA,NA,201142.322805788,"011663_9/5/2022_Sucrose","011663_9/5/2022_Sucrose","yes",NA,"AX27","to CLIMB","B6J",NA,NA,NA,-14.5,-11.3000030517578,0.562015414237976,-14.5,-11.3000030517578,0.562015437397868,2,"eligible",TRUE,FALSE
15167,"Sucrose","SUC0008","011664","C57BL/6J","M",2022-09-05,2022-05-31,"Marina",97,13.8571428571429,NA,29.5,72,76.6999969482422,85.6999969482422,86.8000030517578,2,NA,NA,NA,NA,NA,NA,"Day 8- Day 10","0","Both Water Bottles","Percent",NA,NA,NA,NA,NA,NA,NA,NA,NA,NA,NA,NA,209166.098384534,"011664_9/5/2022_Sucrose","011664_9/5/2022_Sucrose","yes",NA,"AX27","to CLIMB","B6J",NA,NA,NA,-13.6999969482422,-10.1000061035156,0.575630068778992,-13.6999969482422,-10.1000061035156,0.575630050065492,2,"eligible",TRUE,FALSE
15169,"Sucrose","SUC0008","011665","C57BL/6J","M",2022-09-05,2022-05-31,"Marina",97,13.8571428571429,NA,29.7000007629395,80.6999969482422,83.5999984741211,85.6999969482422,87.8000030517578,2,NA,NA,NA,NA,NA,NA,"Day 8- Day 10","0","Both Water Bottles","Percent",NA,NA,NA,NA,NA,NA,NA,NA,NA,NA,NA,NA,232861.585190344,"011665_9/5/2022_Sucrose","011665_9/5/2022_Sucrose","yes",NA,"AX27","to CLIMB","B6J",NA,NA,NA,-5,-4.20000457763672,0.543478012084961,-5,-4.2000045776367,0.543477990451652,2,"eligible",TRUE,FALSE
15170,"Sucrose","SUC0008","011666","C57BL/6J","M",2022-09-05,2022-05-31,"Marina",97,13.8571428571429,NA,26.7000007629395,72.9000015258789,83,85,86.5999984741211,2,NA,NA,NA,NA,NA,NA,"Day 8- Day 10","0","Both Water Bottles","Percent",NA,NA,NA,NA,NA,NA,NA,NA,NA,NA,NA,NA,232078.645053859,"011666_9/5/2022_Sucrose","011666_9/5/2022_Sucrose","yes",NA,"AX27","to CLIMB","B6J",NA,NA,NA,-12.0999984741211,-3.59999847412109,0.770700693130493,-12.0999984741211,-3.59999847412109,0.770700689561334,2,"eligible",TRUE,FALSE
15173,"Sucrose","SUC0008","011667","C57BL/6J","M",2022-09-05,2022-05-31,"Marina",97,13.8571428571429,NA,26.2000007629395,69.6999969482422,78,87.1999969482422,90.5,2,NA,NA,NA,NA,NA,NA,"Day 8- Day 10","0","Both Water Bottles","Percent",NA,NA,NA,NA,NA,NA,NA,NA,NA,NA,NA,NA,231978.594598593,"011667_9/5/2022_Sucrose","011667_9/5/2022_Sucrose","yes",NA,"AX27","to CLIMB","B6J",NA,NA,NA,-17.5,-12.5,0.583333313465118,-17.5,-12.5,0.583333333333333,2,"eligible",TRUE,FALSE
53092,"Sucrose","SUC0424","058451","C57BL/6J","F",2026-03-23,2026-01-08,"Fionna",74,10.5714285714286,"black",NA,95.4000015258789,83.1699981689453,91.7900009155273,75.3099975585938,2,NA,NA,NA,NA,NA,NA,"day 6-8 sucrose","0.5","Sucrose drinking","percent",NA,NA,NA,NA,NA,NA,NA,NA,NA,NA,NA,NA,NA,"058451_3/23/2026_Sucrose",NA,"no","black","Kumar Lab","to CLIMB","B6J","SPT5: 2 day water, 3 days 0.25% sucrose, 2 days 0.5% sucrose, 2 days 2% 2-bottle choice sucrose vs water skip weekend work",NA,NA,3.61000061035156,7.86000061035156,0.314734101295471,3.61000061035161,7.86000061035149,0.3147341086447,3,"eligible",FALSE,TRUE
53127,"Sucrose","SUC0424","058451","C57BL/6J","F",2026-03-25,2026-01-08,"Fionna",76,10.8571428571429,"black",NA,94.1399993896484,93.3099975585938,74.9300003051758,91.8000030517578,2,NA,NA,NA,NA,NA,NA,"day 8-10 sucrose","2","Sucrose drinking","percent",NA,NA,NA,NA,NA,NA,NA,NA,NA,NA,NA,NA,NA,"058451_3/25/2026_Sucrose",NA,"no","black","Kumar Lab","to CLIMB","B6J","SPT5: 2 day water, 3 days 0.25% sucrose, 2 days 0.5% sucrose, 2 days 2% 2-bottle choice sucrose vs water skip weekend work",NA,NA,19.2099990844727,1.50999450683594,0.927123785018921,19.2099990844726,1.50999450683601,0.92712379469705,4,"eligible",TRUE,FALSE
