"ID1","DataType","ExptNumber","MouseID","strainName","sex","Date","birthDate","ExptDoneBy","Age(days)","Age(wks)","Expr1011","BodyWeight","DrugBottleStartWeight","WaterBottleStartWeight","DrugBottleEndWeight","WaterBottleEndWeight","MeasureDays","d7","d8","d9","d10","d11","d12","d13","DrugDose","Drug","DoseUnits","d14","d15","d16","d17","d18","d19","d20","d21","d22","d23","d24","d25","mg/kg formula check","MouseIDDateMaster","MouseIDDateMDTStatic","MouseIDDateQC","coatColor","origin","Group","nickname","SucrosePreference","OralMethPreference","mgMeth_gMouse_day","d2-d4","d3-d5","d2-d4bias","TestNumber","DrugVolConsumed","WaterVolConsumed","DrugPreferenceScore","DrugMassConsumed","n_group_iqr","outlier_flag_DrugMassConsumed","outlier_flag_DrugPreferenceScore"
44382,"Oral methamphetamine","SUC0284","047922","B6J-(WT372)Srgap3<S642P> Cyfip2 S968F<N>","F",2025-06-04,2025-02-18,"Fionna",106,15.1428571428571,NA,19.7999992370605,90.0999984741211,90,84.5999984741211,85.8000030517578,2,NA,NA,NA,NA,NA,NA,"day 22-24 Methamphetamine Drinking","80","Methamphetamine Drinking","mg_L",NA,NA,NA,NA,NA,NA,NA,NA,NA,NA,NA,NA,384972.740133757,"047922_6/4/2025_Oral methamphetamine","047922_6/4/2025_Oral methamphetamine","yes",NA,"Kumar Lab","yes","WT372",NA,"OM5: 4 days 20mg-L,  3 days 40mg-L,  4 days 80mg-L oral methamphetamine position swap every 2-3 days skip weekend work",0.0111111115392477,5.5,4.19999694824219,0.567010462284088,6,5.5,4.1999969482422,0.567010487667905,0.0111111115392478,"eligible",TRUE,FALSE
48263,"Oral methamphetamine","SUC0327","050898","B6J-(WT372)Srgap3<S642P> Cyfip2 S968F<N>","M",2025-09-06,2025-05-04,"Fionna",125,17.8571428571429,NA,30.8028580801828,96.370002746582,88.7799987792969,91.3000030517578,87.6900024414063,2,NA,NA,NA,NA,NA,NA,"day 20-22 Methamphetamine Drinking","80","Methamphetamine Drinking","mg_L",NA,NA,NA,NA,NA,NA,NA,NA,NA,NA,NA,NA,NA,"050898_9/6/2025_Oral methamphetamine","050898_9/6/2025_Oral methamphetamine","yes",NA,"Kumar Lab","yes","WT372",NA,"OM5: 4 days 20mg-L,  3 days 40mg-L,  4 days 80mg-L oral methamphetamine position swap every 2-3 days skip weekend work",NA,5.06999969482422,1.08999633789063,0.823052406311035,5,5.0699996948242,1.0899963378906,0.823052428588948,0.00658380424521193,"eligible",FALSE,TRUE
44380,"Oral methamphetamine","SUC0283","047915","B6J-Cyfip2 S968F<N> (GET202)","F",2025-06-04,2025-02-24,"Fionna",100,14.2857142857143,NA,21,93,83,85,78.8000030517578,2,NA,NA,NA,NA,NA,NA,"day 22-24 Methamphetamine Drinking","80","Methamphetamine Drinking","mg_L",NA,NA,NA,NA,NA,NA,NA,NA,NA,NA,NA,NA,376428.571428571,"047915_6/4/2025_Oral methamphetamine","047915_6/4/2025_Oral methamphetamine","yes",NA,"Kumar Lab","yes","GET202",NA,"OM5: 4 days 20mg-L,  3 days 40mg-L,  4 days 80mg-L oral methamphetamine position swap every 2-3 days skip weekend work",0.0152380952380952,8,4.19999694824219,0.65573787689209,6,8,4.1999969482422,0.65573786894698,0.0152380952380952,"eligible",TRUE,FALSE
44378,"Oral methamphetamine","SUC0283","047916","B6J-Cyfip2 S968F<N> (GET202)","F",2025-06-04,2025-02-24,"Fionna",100,14.2857142857143,NA,23.2999992370605,95.1999969482422,89.1999969482422,93.6999969482422,90.0999984741211,2,NA,NA,NA,NA,NA,NA,"day 22-24 Methamphetamine Drinking","80","Methamphetamine Drinking","mg_L",NA,NA,NA,NA,NA,NA,NA,NA,NA,NA,NA,NA,382842.899137273,"047916_6/4/2025_Oral methamphetamine","047916_6/4/2025_Oral methamphetamine","yes",NA,"Kumar Lab","yes","GET202",NA,"OM5: 4 days 20mg-L,  3 days 40mg-L,  4 days 80mg-L oral methamphetamine position swap every 2-3 days skip weekend work",0.00257510738045713,1.5,-0.900001525878906,2.50000643730164,6,1.5,-0.900001525878892,2.50000635784489,0.00257510738045713,"eligible",FALSE,TRUE
44379,"Oral methamphetamine","SUC0283","047918","B6J-Cyfip2 S968F<N> (GET202)","F",2025-06-04,2025-02-24,"Fionna",100,14.2857142857143,NA,21.1000003814697,92.5,81,85.5999984741211,81.8000030517578,2,NA,NA,NA,NA,NA,NA,"day 22-24 Methamphetamine Drinking","80","Methamphetamine Drinking","mg_L",NA,NA,NA,NA,NA,NA,NA,NA,NA,NA,NA,NA,375260.656722721,"047918_6/4/2025_Oral methamphetamine","047918_6/4/2025_Oral methamphetamine","yes",NA,"Kumar Lab","yes","GET202",NA,"OM5: 4 days 20mg-L,  3 days 40mg-L,  4 days 80mg-L oral methamphetamine position swap every 2-3 days skip weekend work",0.0130805713765552,6.90000152587891,-0.800003051757813,1.13114809989929,6,6.90000152587891,-0.800003051757798,1.13114807407768,0.0130805713765552,"eligible",FALSE,TRUE
48338,"Oral methamphetamine","SUC0339","051633","B6J-Cyfip2 S968F<N> (GET202)","M",2025-09-08,2025-05-26,"Fionna",105,15,NA,27.6000003814697,94.0199966430664,84.9499969482422,84.3000030517578,80.4000015258789,2,NA,NA,NA,NA,NA,NA,"day 22-24 Methamphetamine Drinking","80","Methamphetamine Drinking","mg_L",NA,NA,NA,NA,NA,NA,NA,NA,NA,NA,NA,NA,287169.786989934,"051633_9/8/2025_Oral methamphetamine","051633_9/8/2025_Oral methamphetamine","yes",NA,"Kumar Lab","yes","GET202",NA,"OM5: 4 days 20mg-L,  3 days 40mg-L,  4 days 80mg-L oral methamphetamine position swap every 2-3 days skip weekend work",0.0140869470390797,9.71999359130859,4.54999542236328,0.681149363517761,6,9.71999359130861,4.5499954223633,0.681149339498159,0.0140869470390797,"eligible",TRUE,FALSE
43204,"Oral methamphetamine","SUC0277","047067","B6J-Cyfip2<K724E>","F",2025-04-30,2025-01-31,"Fionna",89,12.7142857142857,NA,20.7888893551297,89.4000015258789,94.5999984741211,87.4000015258789,87.6999969482422,2,NA,NA,NA,NA,NA,NA,"day 15-17 Methamphetamine Drinking","20","Methamphetamine Drinking","mg_L",NA,NA,NA,NA,NA,NA,NA,NA,NA,NA,NA,NA,NA,"047067_4/30/2025_Oral methamphetamine","047067_4/30/2025_Oral methamphetamine","yes",NA,"Kumar Lab","yes","K724E",NA,"OM5: 4 days 20mg-L,  3 days 40mg-L,  4 days 80mg-L oral methamphetamine position swap every 2-3 days skip weekend work",NA,2,6.90000152587891,0.224719062447548,3,2,6.90000152587889,0.224719062596171,0.000962052356830934,"eligible",TRUE,TRUE
43200,"Oral methamphetamine","SUC0277","047073","B6J-Cyfip2<K724E>","M",2025-04-30,2025-01-31,"Fionna",89,12.7142857142857,NA,28.8555558522542,95,95.0999984741211,91.6999969482422,87.1999969482422,2,NA,NA,NA,NA,NA,NA,"day 15-17 Methamphetamine Drinking","20","Methamphetamine Drinking","mg_L",NA,NA,NA,NA,NA,NA,NA,NA,NA,NA,NA,NA,NA,"047073_4/30/2025_Oral methamphetamine","047073_4/30/2025_Oral methamphetamine","yes",NA,"Kumar Lab","yes","K724E",NA,"OM5: 4 days 20mg-L,  3 days 40mg-L,  4 days 80mg-L oral methamphetamine position swap every 2-3 days skip weekend work",NA,3.30000305175781,7.90000152587891,0.294643014669418,3,3.3000030517578,7.90000152587889,0.29464300919546,0.00114362830806463,"eligible",FALSE,TRUE
43223,"Oral methamphetamine","SUC0272","047103","B6NJ-Adgrb2-/- Cyfip2 S968F<J>","F",2025-05-02,2025-02-03,"Fionna",88,12.5714285714286,NA,19.6222224765354,103.699996948242,90.6999969482422,94.5,88.1999969482422,3,NA,NA,NA,NA,NA,NA,"day 17-20 Methamphetamine Drinking","40","Methamphetamine Drinking","mg_L",NA,NA,NA,NA,NA,NA,NA,NA,NA,NA,NA,NA,NA,"047103_5/2/2025_Oral methamphetamine","047103_5/2/2025_Oral methamphetamine","yes",NA,"Kumar Lab","yes","Adgrb2",NA,"OM5: 4 days 20mg-L,  3 days 40mg-L,  4 days 80mg-L oral methamphetamine position swap every 2-3 days skip weekend work",NA,9.19999694824219,2.5,0.786324739456177,4,9.199996948242,2.5,0.786324730591007,0.00625141347384308,"eligible",TRUE,FALSE
43224,"Oral methamphetamine","SUC0272","047104","B6NJ-Adgrb2-/- Cyfip2 S968F<J>","F",2025-05-02,2025-02-03,"Fionna",88,12.5714285714286,NA,21.3777781592475,96,80.8000030517578,86.1999969482422,77.5,3,NA,NA,NA,NA,NA,NA,"day 17-20 Methamphetamine Drinking","40","Methamphetamine Drinking","mg_L",NA,NA,NA,NA,NA,NA,NA,NA,NA,NA,NA,NA,NA,"047104_5/2/2025_Oral methamphetamine","047104_5/2/2025_Oral methamphetamine","yes",NA,"Kumar Lab","yes","Adgrb2",NA,"OM5: 4 days 20mg-L,  3 days 40mg-L,  4 days 80mg-L oral methamphetamine position swap every 2-3 days skip weekend work",NA,9.80000305175781,3.30000305175781,0.748091459274292,4,9.8000030517578,3.3000030517578,0.748091487463339,0.00611226790658072,"eligible",TRUE,FALSE
43222,"Oral methamphetamine","SUC0272","047107","B6NJ-Adgrb2-/- Cyfip2 S968F<J>","F",2025-05-02,2025-02-03,"Fionna",88,12.5714285714286,NA,21.3999996185303,96.1999969482422,101.300003051758,84,98.6999969482422,3,NA,NA,NA,NA,NA,NA,"day 17-20 Methamphetamine Drinking","40","Methamphetamine Drinking","mg_L",NA,NA,NA,NA,NA,NA,NA,NA,NA,NA,NA,NA,NA,"047107_5/2/2025_Oral methamphetamine","047107_5/2/2025_Oral methamphetamine","yes",NA,"Kumar Lab","yes","Adgrb2",NA,"OM5: 4 days 20mg-L,  3 days 40mg-L,  4 days 80mg-L oral methamphetamine position swap every 2-3 days skip weekend work",NA,12.1999969482422,2.60000610351563,0.824323952198029,4,12.1999969482422,2.6000061035158,0.824323948148987,0.00760124434000968,"eligible",TRUE,FALSE
43269,"Oral methamphetamine","SUC0272","047107","B6NJ-Adgrb2-/- Cyfip2 S968F<J>","F",2025-05-05,2025-02-03,"Fionna",91,13,NA,21.3999996185303,97,98.6999969482422,88.1999969482422,96.5,2,NA,NA,NA,NA,NA,NA,"day 20-22 Methamphetamine Drinking","80","Methamphetamine Drinking","mg_L",NA,NA,NA,NA,NA,NA,NA,NA,NA,NA,NA,NA,NA,"047107_5/5/2025_Oral methamphetamine","047107_5/5/2025_Oral methamphetamine","yes",NA,"Kumar Lab","yes","Adgrb2",NA,"OM5: 4 days 20mg-L,  3 days 40mg-L,  4 days 80mg-L oral methamphetamine position swap every 2-3 days skip weekend work",NA,8.80000305175781,2.19999694824219,0.800000250339508,5,8.8000030517578,2.1999969482422,0.800000277432527,0.016448604128269,"eligible",TRUE,FALSE
43316,"Oral methamphetamine","SUC0272","047107","B6NJ-Adgrb2-/- Cyfip2 S968F<J>","F",2025-05-07,2025-02-03,"Fionna",93,13.2857142857143,NA,21.3999996185303,88.1999969482422,96.5,80.3000030517578,94.5,2,NA,NA,NA,NA,NA,NA,"day 22-24 Methamphetamine Drinking","80","Methamphetamine Drinking","mg_L",NA,NA,NA,NA,NA,NA,NA,NA,NA,NA,NA,NA,330956.078840524,"047107_5/7/2025_Oral methamphetamine","047107_5/7/2025_Oral methamphetamine","yes",NA,"Kumar Lab","yes","Adgrb2",NA,"OM5: 4 days 20mg-L,  3 days 40mg-L,  4 days 80mg-L oral methamphetamine position swap every 2-3 days skip weekend work",0.0147663439949667,7.89999389648438,2,0.797979652881622,6,7.8999938964844,2,0.797979673430887,0.0147663439949668,"eligible",TRUE,FALSE
50946,"Oral methamphetamine","SUC0374","055925","B6NJ-Ajap1-/- Cyfip2-S968F<J>","M",2025-12-24,2025-09-22,"Fionna",93,13.2857142857143,NA,24.488571711949,90.2399978637695,83.8899993896484,81.8199996948242,97.0199966430664,2,NA,NA,NA,NA,NA,NA,"day 15-17 Methamphetamine Drinking","20","Methamphetamine Drinking","mg_L",NA,NA,NA,NA,NA,NA,NA,NA,NA,NA,NA,NA,NA,"055925_12/24/2025_Oral methamphetamine","055925_12/24/2025_Oral methamphetamine","yes",NA,"Kumar Lab","no","Ajap1",NA,"OM5: 4 days 20mg-L,  3 days 40mg-L,  4 days 80mg-L oral methamphetamine position swap every 2-3 days skip weekend work",NA,8.41999816894531,-13.129997253418,-1.78768575191498,3,8.4199981689453,-13.129997253418,-1.78768573367736,0.00343833779608993,"eligible",FALSE,TRUE
48281,"Oral methamphetamine","SUC0334","051361","B6NJ-Ajap1-/- Cyfip2-S968F<J>","F",2025-09-06,2025-05-13,"Fionna",116,16.5714285714286,NA,19.4057137625558,101.830001831055,82.8600006103516,97.9100036621094,81.2399978637695,2,NA,NA,NA,NA,NA,NA,"day 20-22 Methamphetamine Drinking","80","Methamphetamine Drinking","mg_L",NA,NA,NA,NA,NA,NA,NA,NA,NA,NA,NA,NA,NA,"051361_9/6/2025_Oral methamphetamine","051361_9/6/2025_Oral methamphetamine","yes",NA,"Kumar Lab","no","Ajap1",NA,"OM5: 4 days 20mg-L,  3 days 40mg-L,  4 days 80mg-L oral methamphetamine position swap every 2-3 days skip weekend work",NA,3.91999816894531,1.62000274658203,0.707580804824829,5,3.9199981689456,1.6200027465821,0.70758077998841,0.00808009067207704,"eligible",FALSE,TRUE
48328,"Oral methamphetamine","SUC0334","051367","B6NJ-Ajap1-/- Cyfip2-S968F<J>","F",2025-09-08,2025-05-13,"Fionna",118,16.8571428571429,NA,21.1000003814697,93.1699981689453,85.3300018310547,86.0999984741211,79.6999969482422,2,NA,NA,NA,NA,NA,NA,"day 22-24 Methamphetamine Drinking","80","Methamphetamine Drinking","mg_L",NA,NA,NA,NA,NA,NA,NA,NA,NA,NA,NA,NA,380186.558218381,"051367_9/8/2025_Oral methamphetamine","051367_9/8/2025_Oral methamphetamine","yes",NA,"Kumar Lab","no","Ajap1",NA,"OM5: 4 days 20mg-L,  3 days 40mg-L,  4 days 80mg-L oral methamphetamine position swap every 2-3 days skip weekend work",0.0134028427810517,7.06999969482422,5.6300048828125,0.556692659854889,6,7.0699996948242,5.6300048828125,0.556692688699789,0.0134028427810516,"eligible",TRUE,TRUE
49741,"Oral methamphetamine","SUC0357","053667","B6NJ-Ajap1-/- Cyfip2-S968F<J>","F",2025-11-03,2025-07-18,"Fionna",108,15.4285714285714,NA,25.830000559489,92.4700012207031,94.8499984741211,88.2699966430664,91.0800018310547,2,NA,NA,NA,NA,NA,NA,"day 20-22 Methamphetamine Drinking","80","Methamphetamine Drinking","mg_L",NA,NA,NA,NA,NA,NA,NA,NA,NA,NA,NA,NA,NA,"053667_11/3/2025_Oral methamphetamine","053667_11/3/2025_Oral methamphetamine","yes",NA,"Kumar Lab","no","Ajap1",NA,"OM5: 4 days 20mg-L,  3 days 40mg-L,  4 days 80mg-L oral methamphetamine position swap every 2-3 days skip weekend work",NA,4.20000457763672,3.76999664306641,0.526976644992828,5,4.20000457763669,3.76999664306639,0.526976654247762,0.00650407198863767,"eligible",FALSE,TRUE
51972,"Oral methamphetamine","SUC0392","056387","B6NJ-Ajap1-/- Cyfip2-S968F<J>","M",2026-01-26,2025-10-09,"Fionna",109,15.5714285714286,NA,24.0333330366347,92.9700012207031,91.1399993896484,87.5999984741211,85.4800033569336,2,NA,NA,NA,NA,NA,NA,"day 20-22 Methamphetamine Drinking","80","Methamphetamine Drinking","mg_L",NA,NA,NA,NA,NA,NA,NA,NA,NA,NA,NA,NA,NA,"056387_1/26/2026_Oral methamphetamine","056387_1/26/2026_Oral methamphetamine","yes",NA,"Kumar Lab","no","Ajap1",NA,"OM5: 4 days 20mg-L,  3 days 40mg-L,  4 days 80mg-L oral methamphetamine position swap every 2-3 days skip weekend work",NA,5.37000274658203,5.65999603271484,0.4868543446064,5,5.370002746582,5.6599960327148,0.486854337342398,0.00893759136678438,"eligible",FALSE,TRUE
46798,"Oral methamphetamine","SUC0319","050368","B6NJ-Arv1-/- Cyfip2-S968F<J>","F",2025-08-11,2025-04-19,"Fionna",114,16.2857142857143,NA,14.3199996948242,102.220001220703,86.0699996948242,96.9400024414063,84.7799987792969,2,NA,NA,NA,NA,NA,NA,"Did not use nestlet, FTK; day 22-24 Methamphetamine Drinking","80","Methamphetamine Drinking","mg_L",NA,NA,NA,NA,NA,NA,NA,NA,NA,NA,NA,NA,691983.745979517,"050368_8/11/2025_Oral methamphetamine","050368_8/11/2025_Oral methamphetamine","yes",NA,"Kumar Lab","no","Arv1",NA,"OM5: 4 days 20mg-L,  3 days 40mg-L,  4 days 80mg-L oral methamphetamine position swap every 2-3 days skip weekend work",0.0147486002564798,5.27999877929688,1.29000091552734,0.803652822971344,6,5.27999877929669,1.2900009155273,0.803652819566553,0.0147486002564793,"eligible",FALSE,TRUE
48284,"Oral methamphetamine","SUC0335","051379","B6NJ-Arv1-/- Cyfip2-S968F<J>","F",2025-09-06,2025-05-15,"Fionna",114,16.2857142857143,NA,15.7771429334368,96.129997253418,88.6900024414063,89.8899993896484,87.620002746582,2,NA,NA,NA,NA,NA,NA,"day 20-22 Methamphetamine Drinking","80","Methamphetamine Drinking","mg_L",NA,NA,NA,NA,NA,NA,NA,NA,NA,NA,NA,NA,NA,"051379_9/6/2025_Oral methamphetamine","051379_9/6/2025_Oral methamphetamine","yes",NA,"Kumar Lab","no","Arv1",NA,"OM5: 4 days 20mg-L,  3 days 40mg-L,  4 days 80mg-L oral methamphetamine position swap every 2-3 days skip weekend work",NA,6.23999786376953,1.06999969482422,0.853625178337097,5,6.2399978637696,1.0699996948243,0.853625163859819,0.0158203494513447,"eligible",FALSE,TRUE
48332,"Oral methamphetamine","SUC0335","051379","B6NJ-Arv1-/- Cyfip2-S968F<J>","F",2025-09-08,2025-05-15,"Fionna",116,16.5714285714286,NA,14.6000003814697,89.8899993896484,87.620002746582,83.5,85.6999969482422,2,NA,NA,NA,NA,NA,NA,"day 22-24 Methamphetamine Drinking","80","Methamphetamine Drinking","mg_L",NA,NA,NA,NA,NA,NA,NA,NA,NA,NA,NA,NA,514096.900362592,"051379_9/8/2025_Oral methamphetamine","051379_9/8/2025_Oral methamphetamine","yes",NA,"Kumar Lab","no","Arv1",NA,"OM5: 4 days 20mg-L,  3 days 40mg-L,  4 days 80mg-L oral methamphetamine position swap every 2-3 days skip weekend work",0.0175068471854524,6.38999938964844,1.92000579833984,0.768952488899231,6,6.38999938964839,1.9200057983398,0.768952515082049,0.0175068471854523,"eligible",FALSE,TRUE
48283,"Oral methamphetamine","SUC0335","051382","B6NJ-Arv1-/- Cyfip2-S968F<J>","M",2025-09-06,2025-05-15,"Fionna",114,16.2857142857143,NA,21.5114293779646,96,84.2200012207031,88.4499969482422,83.0899963378906,2,NA,NA,NA,NA,NA,NA,"day 20-22 Methamphetamine Drinking","80","Methamphetamine Drinking","mg_L",NA,NA,NA,NA,NA,NA,NA,NA,NA,NA,NA,NA,NA,"051382_9/6/2025_Oral methamphetamine","051382_9/6/2025_Oral methamphetamine","yes",NA,"Kumar Lab","no","Arv1",NA,"OM5: 4 days 20mg-L,  3 days 40mg-L,  4 days 80mg-L oral methamphetamine position swap every 2-3 days skip weekend work",NA,7.55000305175781,1.1300048828125,0.869815230369568,5,7.5500030517578,1.1300048828125,0.8698152246714,0.0140390541587938,"eligible",FALSE,TRUE
48331,"Oral methamphetamine","SUC0335","051382","B6NJ-Arv1-/- Cyfip2-S968F<J>","M",2025-09-08,2025-05-15,"Fionna",116,16.5714285714286,NA,21.2000007629395,88.4499969482422,83.0899963378906,80.9000015258789,81.1999969482422,2,NA,NA,NA,NA,NA,NA,"day 22-24 Methamphetamine Drinking","80","Methamphetamine Drinking","mg_L",NA,NA,NA,NA,NA,NA,NA,NA,NA,NA,NA,NA,337528.524667685,"051382_9/8/2025_Oral methamphetamine","051382_9/8/2025_Oral methamphetamine","yes",NA,"Kumar Lab","no","Arv1",NA,"OM5: 4 days 20mg-L,  3 days 40mg-L,  4 days 80mg-L oral methamphetamine position swap every 2-3 days skip weekend work",0.0142452738691627,7.54999542236328,1.88999938964844,0.799788117408752,6,7.5499954223633,1.88999938964839,0.799788090217644,0.0142452738691627,"eligible",FALSE,TRUE
52024,"Oral methamphetamine","SUC0393","056278","B6NJ-Arv1-/- Cyfip2-S968F<J>","M",2026-01-28,2025-10-07,"Fionna",113,16.1428571428571,NA,20.9099998474121,89.5899963378906,92.9100036621094,84.0899963378906,91.4000015258789,2,NA,NA,NA,NA,NA,NA,"day 22-24 Methamphetamine Drinking","80","Methamphetamine Drinking","mg_L",NA,NA,NA,NA,NA,NA,NA,NA,NA,NA,NA,NA,360288.025517424,"056278_1/28/2026_Oral methamphetamine","056278_1/28/2026_Oral methamphetamine","yes",NA,"Kumar Lab","no","Arv1",NA,"OM5: 4 days 20mg-L,  3 days 40mg-L,  4 days 80mg-L oral methamphetamine position swap every 2-3 days skip weekend work",0.0105212817601827,5.5,1.51000213623047,0.784593224525452,6,5.5,1.5100021362305,0.784593198848514,0.0105212817601827,"eligible",FALSE,TRUE
31691,"Oral methamphetamine","SUC0151","034131","B6NJ-AU040320-/- Cyfip2-S968F<J>","F",2024-05-20,2024-02-05,"Orianna",105,15,NA,21.1000003814697,79.4000015258789,78.1999969482422,72.3000030517578,77.0999984741211,2,NA,NA,NA,NA,NA,NA,"day 13-15 Methamphetamine drinking","20","Methamphetamine Drinking","mg_L",NA,NA,NA,NA,NA,NA,NA,NA,NA,NA,NA,NA,272067.299213368,"034131_5/20/2024_Oral methamphetamine","034131_5/20/2024_Oral methamphetamine","yes",NA,"Kumar Lab","yes","AU040320",NA,"OM5: 4 days 20mg-L,  3 days 40mg-L,  4 days 80mg-L oral methamphetamine position swap every 2-3 days skip weekend work",0.00336492812595226,7.09999847412109,1.09999847412109,0.865853786468506,2,7.09999847412111,1.09999847412111,0.865853794694776,0.00336492812595227,"eligible",TRUE,FALSE
31740,"Oral methamphetamine","SUC0151","034131","B6NJ-AU040320-/- Cyfip2-S968F<J>","F",2024-05-22,2024-02-05,"Orianna",107,15.2857142857143,NA,21.144444571601,72.3000030517578,77.0999984741211,65.1999969482422,76.5,2,NA,NA,NA,NA,NA,NA,"day 15-17 Methamphetamine Drinking","20","Methamphetamine Drinking","mg_L",NA,NA,NA,NA,NA,NA,NA,NA,NA,NA,NA,NA,NA,"034131_5/22/2024_Oral methamphetamine","034131_5/22/2024_Oral methamphetamine","yes",NA,"Kumar Lab","yes","AU040320",NA,"OM5: 4 days 20mg-L,  3 days 40mg-L,  4 days 80mg-L oral methamphetamine position swap every 2-3 days skip weekend work",NA,7.10000610351563,0.599998474121094,0.922078192234039,3,7.1000061035156,0.599998474121094,0.922078166568409,0.00335785888320357,"eligible",TRUE,FALSE
37424,"Oral methamphetamine","SUC0219","040361","B6NJ-AU040320-/- Cyfip2-S968F<J>","F",2024-12-04,2024-08-02,"Fionna",124,17.7142857142857,NA,26.1285719190325,92.5,100.599998474121,84,97.5,2,NA,NA,NA,NA,NA,NA,"day 15-17 Methamphetamine Drinking","20","Methamphetamine Drinking","mg_L",NA,NA,NA,NA,NA,NA,NA,NA,NA,NA,NA,NA,NA,"040361_12/4/2024_Oral methamphetamine","040361_12/4/2024_Oral methamphetamine","yes",NA,"Kumar Lab","yes","AU040320",NA,"OM5: 4 days 20mg-L,  3 days 40mg-L,  4 days 80mg-L oral methamphetamine position swap every 2-3 days skip weekend work",NA,8.5,3.09999847412109,0.732758700847626,3,8.5,3.09999847412099,0.732758717077685,0.00325314373335821,"eligible",TRUE,FALSE
31834,"Oral methamphetamine","SUC0151","034129","B6NJ-AU040320-/- Cyfip2-S968F<J>","F",2024-05-27,2024-02-05,"Orianna",112,16,NA,23.9111114078098,70.9000015258789,73.0999984741211,64,71.5999984741211,2,NA,NA,NA,NA,NA,NA,"Significant outlier -OG , day 20-22 Methamphetamine Drinking","80","Methamphetamine Drinking","mg_L",NA,NA,NA,NA,NA,NA,NA,NA,NA,NA,NA,NA,NA,"034129_5/27/2024_Oral methamphetamine","034129_5/27/2024_Oral methamphetamine","yes",NA,"Kumar Lab","yes","AU040320",NA,"OM5: 4 days 20mg-L,  3 days 40mg-L,  4 days 80mg-L oral methamphetamine position swap every 2-3 days skip weekend work",NA,6.90000152587891,1.5,0.821428596973419,5,6.90000152587891,1.5,0.821428603866467,0.0115427533387264,"eligible",TRUE,FALSE
31883,"Oral methamphetamine","SUC0151","034129","B6NJ-AU040320-/- Cyfip2-S968F<J>","F",2024-05-29,2024-02-05,"Orianna",114,16.2857142857143,NA,23.6000003814697,64,71.5999984741211,55.7999992370605,67.4000015258789,2,NA,NA,NA,NA,NA,NA,"Significant outlier -OG , day 22-24 Methamphetamine Drinking","80","Methamphetamine Drinking","mg_L",NA,NA,NA,NA,NA,NA,NA,NA,NA,NA,NA,NA,151322.029383352,"034129_5/29/2024_Oral methamphetamine","034129_5/29/2024_Oral methamphetamine","yes",NA,"Kumar Lab","yes","AU040320",NA,"OM5: 4 days 20mg-L,  3 days 40mg-L,  4 days 80mg-L oral methamphetamine position swap every 2-3 days skip weekend work",0.0138983061532117,8.20000076293945,4.19999694824219,0.661290526390076,6,8.2000007629395,4.19999694824219,0.661290506170429,0.0138983061532118,"eligible",TRUE,FALSE
37522,"Oral methamphetamine","SUC0219","040361","B6NJ-AU040320-/- Cyfip2-S968F<J>","F",2024-12-07,2024-08-02,"Fionna",127,18.1428571428571,NA,26.1714292253767,97.9000015258789,88,91.3000030517578,85.3000030517578,2,NA,NA,NA,NA,NA,NA,"day 20-22 Methamphetamine Drinking","80","Methamphetamine Drinking","mg_L",NA,NA,NA,NA,NA,NA,NA,NA,NA,NA,NA,NA,NA,"040361_12/7/2024_Oral methamphetamine","040361_12/7/2024_Oral methamphetamine","yes",NA,"Kumar Lab","yes","AU040320",NA,"OM5: 4 days 20mg-L,  3 days 40mg-L,  4 days 80mg-L oral methamphetamine position swap every 2-3 days skip weekend work",NA,6.59999847412109,2.69999694824219,0.709677577018738,5,6.59999847412111,2.6999969482422,0.70967760459864,0.0100873336603589,"eligible",TRUE,FALSE
31829,"Oral methamphetamine","SUC0148","033531","B6NJ-Chn1-/- Cyfip2-S968F<J>","F",2024-05-27,2024-01-24,"Orianna",124,17.7142857142857,NA,21.7111114925808,71.8000030517578,78.6999969482422,69.9000015258789,72.9000015258789,2,NA,NA,NA,NA,NA,NA,"day 20-22 Methamphetamine Drinking","80","Methamphetamine Drinking","mg_L",NA,NA,NA,NA,NA,NA,NA,NA,NA,NA,NA,NA,NA,"033531_5/27/2024_Oral methamphetamine","033531_5/27/2024_Oral methamphetamine","yes",NA,"Kumar Lab","yes","Chn1",NA,"OM5: 4 days 20mg-L,  3 days 40mg-L,  4 days 80mg-L oral methamphetamine position swap every 2-3 days skip weekend work",NA,1.90000152587891,5.79999542236328,0.246753543615341,5,1.90000152587889,5.7999954223633,0.246753542715707,0.00350051452046233,"eligible",TRUE,FALSE
31878,"Oral methamphetamine","SUC0148","033531","B6NJ-Chn1-/- Cyfip2-S968F<J>","F",2024-05-29,2024-01-24,"Orianna",126,18,NA,21.6000003814697,69.9000015258789,72.9000015258789,67.8000030517578,68.4000015258789,2,NA,NA,NA,NA,NA,NA,"day 22-24 Methamphetamine Drinking","80","Methamphetamine Drinking","mg_L",NA,NA,NA,NA,NA,NA,NA,NA,NA,NA,NA,NA,219408.339404913,"033531_5/29/2024_Oral methamphetamine","033531_5/29/2024_Oral methamphetamine","yes",NA,"Kumar Lab","yes","Chn1",NA,"OM5: 4 days 20mg-L,  3 days 40mg-L,  4 days 80mg-L oral methamphetamine position swap every 2-3 days skip weekend work",0.00388888599450701,2.09999847412109,4.5,0.318181663751602,6,2.09999847412111,4.5,0.318181660549665,0.00388888599450704,"eligible",TRUE,FALSE
45677,"Oral methamphetamine","SUC0297","048787","B6NJ-Cnksr2-/- Cyfip2-S968F<J> (X chr)","F",2025-07-11,2025-03-09,"Fionna",124,17.7142857142857,NA,23.5999999576145,102.800003051758,95.3000030517578,96,94.0999984741211,3,NA,NA,NA,NA,NA,NA,"day 17-20 Methamphetamine Drinking","40","Methamphetamine Drinking","mg_L",NA,NA,NA,NA,NA,NA,NA,NA,NA,NA,NA,NA,NA,"048787_7/11/2025_Oral methamphetamine","048787_7/11/2025_Oral methamphetamine","yes",NA,"Kumar Lab","yes","Cnksr2",NA,"OM5: 4 days 20mg-L,  3 days 40mg-L,  4 days 80mg-L oral methamphetamine position swap every 2-3 days skip weekend work",NA,6.80000305175781,1.20000457763672,0.8499995470047,4,6.800003051758,1.2000045776367,0.849999570846972,0.00384180964066146,"eligible",FALSE,TRUE
45656,"Oral methamphetamine","SUC0297","048788","B6NJ-Cnksr2-/- Cyfip2-S968F<J> (X chr)","M",2025-07-11,2025-03-09,"Fionna",124,17.7142857142857,NA,31.6444456312392,102.300003051758,95.6999969482422,92.9000015258789,93.6999969482422,3,NA,NA,NA,NA,NA,NA,"day 17-20 Methamphetamine Drinking","40","Methamphetamine Drinking","mg_L",NA,NA,NA,NA,NA,NA,NA,NA,NA,NA,NA,NA,NA,"048788_7/11/2025_Oral methamphetamine","048788_7/11/2025_Oral methamphetamine","yes",NA,"Kumar Lab","yes","Cnksr2",NA,"OM5: 4 days 20mg-L,  3 days 40mg-L,  4 days 80mg-L oral methamphetamine position swap every 2-3 days skip weekend work",NA,9.40000152587891,2,0.824561417102814,4,9.40000152587909,2,0.824561426991057,0.00396067465168863,"eligible",FALSE,TRUE
44406,"Oral methamphetamine","SUC0291","048326","B6NJ-Cnksr2-/- Cyfip2-S968F<J> (X chr)","F",2025-06-04,2025-03-01,"Fionna",95,13.5714285714286,NA,21,93.1999969482422,87.0999984741211,89.5999984741211,82.3000030517578,2,NA,NA,NA,NA,NA,NA,"day 22-24 Methamphetamine Drinking","80","Methamphetamine Drinking","mg_L",NA,NA,NA,NA,NA,NA,NA,NA,NA,NA,NA,NA,397653.3203125,"048326_6/4/2025_Oral methamphetamine","048326_6/4/2025_Oral methamphetamine","yes",NA,"Kumar Lab","yes","Cnksr2",NA,"OM5: 4 days 20mg-L,  3 days 40mg-L,  4 days 80mg-L oral methamphetamine position swap every 2-3 days skip weekend work",0.00685713995070685,3.59999847412109,4.79999542236328,0.428571552038193,6,3.59999847412111,4.7999954223633,0.428571558323131,0.00685713995070687,"eligible",FALSE,TRUE
45769,"Oral methamphetamine","SUC0297","048787","B6NJ-Cnksr2-/- Cyfip2-S968F<J> (X chr)","F",2025-07-16,2025-03-09,"Fionna",129,18.4285714285714,NA,22.6000003814697,94,89.0999984741211,90.3000030517578,87.8000030517578,2,NA,NA,NA,NA,NA,NA,"day 22-24 Methamphetamine Drinking","80","Methamphetamine Drinking","mg_L",NA,NA,NA,NA,NA,NA,NA,NA,NA,NA,NA,NA,375584.073099051,"048787_7/16/2025_Oral methamphetamine","048787_7/16/2025_Oral methamphetamine","yes",NA,"Kumar Lab","yes","Cnksr2",NA,"OM5: 4 days 20mg-L,  3 days 40mg-L,  4 days 80mg-L oral methamphetamine position swap every 2-3 days skip weekend work",0.00654866705449422,3.69999694824219,1.29999542236328,0.740000545978546,6,3.6999969482422,1.2999954223633,0.740000518799618,0.00654866705449425,"eligible",FALSE,TRUE
45748,"Oral methamphetamine","SUC0297","048788","B6NJ-Cnksr2-/- Cyfip2-S968F<J> (X chr)","M",2025-07-16,2025-03-09,"Fionna",129,18.4285714285714,NA,30.7000007629395,94.1999969482422,86.5999984741211,88.8000030517578,84,2,NA,NA,NA,NA,NA,NA,"day 22-24 Methamphetamine Drinking","80","Methamphetamine Drinking","mg_L",NA,NA,NA,NA,NA,NA,NA,NA,NA,NA,NA,NA,272474.259057203,"048788_7/16/2025_Oral methamphetamine","048788_7/16/2025_Oral methamphetamine","yes",NA,"Kumar Lab","yes","Cnksr2",NA,"OM5: 4 days 20mg-L,  3 days 40mg-L,  4 days 80mg-L oral methamphetamine position swap every 2-3 days skip weekend work",0.00703582249157878,5.39999389648438,2.59999847412109,0.674999892711639,6,5.3999938964844,2.59999847412109,0.674999880790598,0.0070358224915788,"eligible",FALSE,TRUE
32841,"Oral methamphetamine","SUC0165","035019","B6NJ-Cyfip2-S968F<J> (GET204)","M",2024-06-26,2024-03-05,"Orianna",113,16.1428571428571,NA,28.7999992370605,62.7000007629395,75.4000015258789,57.5999984741211,74.6999969482422,2,NA,NA,NA,NA,NA,NA,"day 22-24 Methamphetamine Drinking","80","Methamphetamine Drinking","mg_L",NA,NA,NA,NA,NA,NA,NA,NA,NA,NA,NA,NA,125400.004000134,"035019_6/26/2024_Oral methamphetamine","035019_6/26/2024_Oral methamphetamine","yes",NA,"Kumar Lab","no","GET204",NA,"OM5: 4 days 20mg-L,  3 days 40mg-L,  4 days 80mg-L oral methamphetamine position swap every 2-3 days skip weekend work",0.00708333669989206,5.10000228881836,0.700004577636719,0.879309713840485,6,5.1000022888184,0.700004577636705,0.879309698461695,0.00708333669989213,"eligible",FALSE,TRUE
44376,"Oral methamphetamine","SUC0282","047771","B6NJ-Cyfip2-S968F<J> (GET204)","M",2025-06-04,2025-02-18,"Fionna",106,15.1428571428571,NA,28.3999996185303,88.5999984741211,81.5999984741211,86.9000015258789,81.5999984741211,2,NA,NA,NA,NA,NA,NA,"day 22-24 Methamphetamine Drinking","80","Methamphetamine Drinking","mg_L",NA,NA,NA,NA,NA,NA,NA,NA,NA,NA,NA,NA,271103.519266471,"047771_6/4/2025_Oral methamphetamine","047771_6/4/2025_Oral methamphetamine","yes",NA,"Kumar Lab","no","GET204",NA,"OM5: 4 days 20mg-L,  3 days 40mg-L,  4 days 80mg-L oral methamphetamine position swap every 2-3 days skip weekend work",0.00239436193109381,1.69999694824219,0,1,6,1.69999694824219,0,1,0.0023943619310938,"eligible",FALSE,TRUE
50239,"Oral methamphetamine","SUC0366","054707","B6NJ-Cyfip2-S968F<J> (GET204)","F",2025-12-01,2025-08-16,"Fionna",107,15.2857142857143,NA,20.2955553266738,96.6900024414063,87.5100021362305,91.9300003051758,84.3600006103516,2,NA,NA,NA,NA,NA,NA,"day 20-22 Methamphetamine Drinking","80","Methamphetamine Drinking","mg_L",NA,NA,NA,NA,NA,NA,NA,NA,NA,NA,NA,NA,NA,"054707_12/1/2025_Oral methamphetamine","054707_12/1/2025_Oral methamphetamine","yes",NA,"Kumar Lab","no","GET204",NA,"OM5: 4 days 20mg-L,  3 days 40mg-L,  4 days 80mg-L oral methamphetamine position swap every 2-3 days skip weekend work",NA,4.76000213623047,3.15000152587891,0.601769924163818,5,4.76000213623051,3.15000152587889,0.60176990296881,0.00938136859940876,"eligible",TRUE,FALSE
50285,"Oral methamphetamine","SUC0371","055447","B6NJ-Cyfip2-S968F<J> (GET204)","M",2025-12-03,2025-09-04,"Fionna",90,12.8571428571429,NA,28.6599998474121,86.2900009155273,82.129997253418,79.620002746582,77.4899978637695,2,NA,NA,NA,NA,NA,NA,"day 22-24 Methamphetamine Drinking","80","Methamphetamine Drinking","mg_L",NA,NA,NA,NA,NA,NA,NA,NA,NA,NA,NA,NA,239721.220964011,"055447_12/3/2025_Oral methamphetamine","055447_12/3/2025_Oral methamphetamine","yes",NA,"Kumar Lab","no","GET204",NA,"OM5: 4 days 20mg-L,  3 days 40mg-L,  4 days 80mg-L oral methamphetamine position swap every 2-3 days skip weekend work",0.00930913915485954,6.66999816894531,4.63999938964844,0.589743554592133,6,6.6699981689453,4.63999938964849,0.58974355515021,0.00930913915485952,"eligible",TRUE,FALSE
51988,"Oral methamphetamine","SUC0397","056292","B6NJ-Cyfip2-S968F<J> (GET204)","F",2026-01-26,2025-09-25,"Fionna",123,17.5714285714286,NA,22.7966666751437,91.8300018310547,93.3399963378906,85.5400009155273,89.3499984741211,2,NA,NA,NA,NA,NA,NA,"day 20-22 Methamphetamine Drinking","80","Methamphetamine Drinking","mg_L",NA,NA,NA,NA,NA,NA,NA,NA,NA,NA,NA,NA,NA,"056292_1/26/2026_Oral methamphetamine","056292_1/26/2026_Oral methamphetamine","yes",NA,"Kumar Lab","no","GET204",NA,"OM5: 4 days 20mg-L,  3 days 40mg-L,  4 days 80mg-L oral methamphetamine position swap every 2-3 days skip weekend work",NA,6.29000091552734,3.98999786376953,0.611867845058441,5,6.2900009155274,3.9899978637695,0.611867865995759,0.011036702874435,"eligible",TRUE,FALSE
51089,"Oral methamphetamine","SUC0402","056296","B6NJ-Cyfip2-S968F<J> (GET204)","M",2025-12-27,2025-09-25,"Fionna",93,13.2857142857143,NA,29.5857146126884,100.849998474121,86.4599990844727,93.5400009155273,83.1399993896484,2,NA,NA,NA,NA,NA,NA,"day 20-22 Methamphetamine Drinking","80","Methamphetamine Drinking","mg_L",NA,NA,NA,NA,NA,NA,NA,NA,NA,NA,NA,NA,NA,"056296_12/27/2025_Oral methamphetamine","056296_12/27/2025_Oral methamphetamine","yes",NA,"Kumar Lab","no","GET204",NA,"OM5: 4 days 20mg-L,  3 days 40mg-L,  4 days 80mg-L oral methamphetamine position swap every 2-3 days skip weekend work",NA,7.30999755859375,3.31999969482422,0.687676310539246,5,7.30999755859369,3.3199996948243,0.687676335592958,0.00988314482754954,"eligible",TRUE,FALSE
48783,"Oral methamphetamine","SUC0346","052657","B6NJ-Dnajb5-/- Cyfip2-S968F<J>","F",2025-10-01,2025-06-22,"Fionna",101,14.4285714285714,NA,19.5399996439616,87.8399963378906,92.1900024414063,80.4899978637695,89.4100036621094,2,NA,NA,NA,NA,NA,NA,"day 15-17 Methamphetamine Drinking","20","Methamphetamine Drinking","mg_L",NA,NA,NA,NA,NA,NA,NA,NA,NA,NA,NA,NA,NA,"052657_10/1/2025_Oral methamphetamine","052657_10/1/2025_Oral methamphetamine","yes",NA,"Kumar Lab","yes","Dnajb5",NA,"OM5: 4 days 20mg-L,  3 days 40mg-L,  4 days 80mg-L oral methamphetamine position swap every 2-3 days skip weekend work",NA,7.34999847412109,2.77999877929688,0.725567638874054,3,7.34999847412109,2.7799987792969,0.725567667023908,0.00376151412898948,"eligible",TRUE,FALSE
48260,"Oral methamphetamine","SUC0326","050483","B6NJ-Dnajb5-/- Cyfip2-S968F<J>","M",2025-09-06,2025-04-23,"Fionna",136,19.4285714285714,NA,25.3999998910087,93.7399978637695,81.6900024414063,84.5,79.6100006103516,2,NA,NA,NA,NA,NA,NA,"day 20-22 Methamphetamine Drinking","80","Methamphetamine Drinking","mg_L",NA,NA,NA,NA,NA,NA,NA,NA,NA,NA,NA,NA,NA,"050483_9/6/2025_Oral methamphetamine","050483_9/6/2025_Oral methamphetamine","yes",NA,"Kumar Lab","yes","Dnajb5",NA,"OM5: 4 days 20mg-L,  3 days 40mg-L,  4 days 80mg-L oral methamphetamine position swap every 2-3 days skip weekend work",NA,9.23999786376953,2.08000183105469,0.816254258155823,5,9.2399978637695,2.0800018310547,0.816254250253582,0.0145511778006588,"eligible",TRUE,FALSE
48308,"Oral methamphetamine","SUC0326","050483","B6NJ-Dnajb5-/- Cyfip2-S968F<J>","M",2025-09-08,2025-04-23,"Fionna",138,19.7142857142857,NA,24.5,84.5,101.309997558594,74.3000030517578,98.8000030517578,2,NA,NA,NA,NA,NA,NA,"day 22-24 Methamphetamine Drinking","80","Methamphetamine Drinking","mg_L",NA,NA,NA,NA,NA,NA,NA,NA,NA,NA,NA,NA,256259.187659439,"050483_9/8/2025_Oral methamphetamine","050483_9/8/2025_Oral methamphetamine","yes",NA,"Kumar Lab","yes","Dnajb5",NA,"OM5: 4 days 20mg-L,  3 days 40mg-L,  4 days 80mg-L oral methamphetamine position swap every 2-3 days skip weekend work",0.0166530562420281,10.1999969482422,2.50999450683594,0.802518010139465,6,10.1999969482422,2.50999450683621,0.802518002021684,0.0166530562420281,"eligible",TRUE,FALSE
29654,"Oral methamphetamine","SUC0111","031970","B6NJ-Fndc4-/- Cyfip2-S968F<J>","F",2024-03-20,2023-12-12,"Orianna",99,14.1428571428571,NA,20.7111114925808,78.8000030517578,83.6999969482422,69.1999969482422,82.6999969482422,2,NA,NA,NA,NA,NA,NA,"day 15-17","20","Methamphetamine Drinking","mg_L",NA,NA,NA,NA,NA,NA,NA,NA,NA,NA,NA,NA,NA,"031970_3/20/2024_Oral methamphetamine","031970_3/20/2024_Oral methamphetamine","yes",NA,"Kumar Lab","yes","Fndc4",NA,"OM5: 4 days 20mg-L,  3 days 40mg-L,  4 days 80mg-L oral methamphetamine position swap every 2-3 days skip weekend work",NA,9.60000610351563,1,0.905660450458527,2,9.6000061035156,1,0.905660431679531,0.0046351959946498,"eligible",TRUE,FALSE
24806,"Oral methamphetamine","SUC0041","021587","B6NJ-Fndc4-/- Cyfip2-S968F<J>","F",2023-07-20,2023-04-14,"Marina",97,13.8571428571429,NA,21.7000007629395,81.5999984741211,74.4000015258789,78.0999984741211,71.5,2,NA,NA,NA,NA,NA,NA,"Day 11-13","80","Methamphetamine Drinking","mg_L",NA,NA,NA,NA,NA,NA,NA,NA,NA,NA,NA,NA,293684.780501097,"021587_7/20/2023_Oral methamphetamine","021587_7/20/2023_Oral methamphetamine","yes",NA,"Kumar Lab","yes","Fndc4",NA,"OM4: 4 days 20mg-L,  4 days 40mg-L,  4 days 80mg-L oral methamphetamine position swap every 2 days",0.00645161267639678,3.5,2.90000152587891,0.54687488079071,6,3.5,2.90000152587891,0.546874869614871,0.00645161267639677,"eligible",TRUE,TRUE
24813,"Oral methamphetamine","SUC0041","022269","B6NJ-Fndc4-/- Cyfip2-S968F<J>","M",2023-07-20,2023-04-15,"Marina",96,13.7142857142857,NA,30.2000007629395,80.5999984741211,69,76.0999984741211,67.9000015258789,2,NA,NA,NA,NA,NA,NA,"Day 11-13","80","Methamphetamine Drinking","mg_L",NA,NA,NA,NA,NA,NA,NA,NA,NA,NA,NA,NA,203101.308377972,"022269_7/20/2023_Oral methamphetamine","022269_7/20/2023_Oral methamphetamine","yes",NA,"Kumar Lab","yes","Fndc4",NA,"OM4: 4 days 20mg-L,  4 days 40mg-L,  4 days 80mg-L oral methamphetamine position swap every 2 days",0.0059602647500887,4.5,1.09999847412109,0.80357164144516,6,4.5,1.09999847412109,0.803571647527326,0.00596026475008869,"eligible",TRUE,TRUE
28392,"Oral methamphetamine","SUC0097","030995","B6NJ-Fndc4-/- Cyfip2-S968F<J>","M",2024-02-27,2023-11-15,"Misty",104,14.8571428571429,NA,28.5,82.5,69.3000030517578,78.5,66.6999969482422,2,NA,NA,NA,NA,NA,NA,"Days 9-11","80","methamphetamine drinking","mg_L",NA,NA,NA,NA,NA,NA,NA,NA,NA,NA,NA,NA,227236.842105263,"030995_2/27/2024_Oral methamphetamine","030995_2/27/2024_Oral methamphetamine","yes",NA,"Kumar Lab","yes","Fndc4",NA,"OM4: 4 days 20mg-L,  4 days 40mg-L,  4 days 80mg-L oral methamphetamine position swap every 2 days",0.0056140350877193,4,2.60000610351563,0.606060028076172,5,4,2.6000061035156,0.606060045591373,0.0056140350877193,"eligible",TRUE,TRUE
28394,"Oral methamphetamine","SUC0097","030997","B6NJ-Fndc4-/- Cyfip2-S968F<J>","M",2024-02-27,2023-11-15,"Misty",104,14.8571428571429,NA,28.2999992370605,83.4000015258789,83.5,78,82.5,2,NA,NA,NA,NA,NA,NA,"Days 9-11","80","methamphetamine drinking","mg_L",NA,NA,NA,NA,NA,NA,NA,NA,NA,NA,NA,NA,229865.737480076,"030997_2/27/2024_Oral methamphetamine","030997_2/27/2024_Oral methamphetamine","yes",NA,"Kumar Lab","yes","Fndc4",NA,"OM4: 4 days 20mg-L,  4 days 40mg-L,  4 days 80mg-L oral methamphetamine position swap every 2 days",0.00763251119640637,5.40000152587891,1,0.843750059604645,5,5.40000152587891,1,0.843750037252894,0.00763251119640638,"eligible",TRUE,TRUE
29794,"Oral methamphetamine","SUC0111","031966","B6NJ-Fndc4-/- Cyfip2-S968F<J>","F",2024-03-27,2023-12-12,"Orianna",106,15.1428571428571,NA,21.7000007629395,81.0999984741211,84.9000015258789,77.8000030517578,81.1999969482422,2,NA,NA,NA,NA,NA,NA,"day 22-24 Methamphetamine","80","Methamphetamine Drinking","mg_L",NA,NA,NA,NA,NA,NA,NA,NA,NA,NA,NA,NA,290764.048676942,"031966_3/27/2024_Oral methamphetamine","031966_3/27/2024_Oral methamphetamine","yes",NA,"Kumar Lab","yes","Fndc4",NA,"OM5: 4 days 20mg-L,  3 days 40mg-L,  4 days 80mg-L oral methamphetamine position swap every 2-3 days skip weekend work",0.00608294065684866,3.29999542236328,3.70000457763672,0.471427917480469,5,3.2999954223633,3.7000045776367,0.471427917480471,0.00608294065684867,"eligible",TRUE,FALSE
40054,"Oral methamphetamine","SUC0237","041131","B6NJ-Gigyf2-/- Cyfip2-S968F<J>","M",2025-01-29,2024-09-06,"Fionna",145,20.7142857142857,NA,28.5222223069933,93.4000015258789,82.5,92.4000015258789,75.5999984741211,2,NA,NA,NA,NA,NA,NA,"day 15-17 Methamphetamine Drinking","20","Methamphetamine Drinking","mg_L",NA,NA,NA,NA,NA,NA,NA,NA,NA,NA,NA,NA,NA,"041131_1/29/2025_Oral methamphetamine","041131_1/29/2025_Oral methamphetamine","yes",NA,"Kumar Lab","yes","Gigf2tm1b",NA,"OM5: 4 days 20mg-L,  3 days 40mg-L,  4 days 80mg-L oral methamphetamine position swap every 2-3 days skip weekend work",NA,1,6.90000152587891,0.126582249999046,3,1,6.90000152587891,0.126582254031748,0.000350603816643983,"eligible",FALSE,TRUE
42144,"Oral methamphetamine","SUC0261","046183","B6NJ-Gigyf2-/- Cyfip2-S968F<J>","F",2025-04-02,2025-01-09,"Fionna",83,11.8571428571429,NA,22.7000007629395,90.6999969482422,92,89,85.1999969482422,2,NA,NA,NA,NA,NA,NA,"day 15-17 Methamphetamine Drinking","20","Methamphetamine Drinking","mg_L",NA,NA,NA,NA,NA,NA,NA,NA,NA,NA,NA,NA,NA,"046183_4/2/2025_Oral methamphetamine","046183_4/2/2025_Oral methamphetamine","yes",NA,"Kumar Lab","yes","Gigf2tm1b",NA,"OM5: 4 days 20mg-L,  3 days 40mg-L,  4 days 80mg-L oral methamphetamine position swap every 2-3 days skip weekend work",NA,1.69999694824219,6.80000305175781,0.199999645352364,3,1.6999969482422,6.8000030517578,0.199999640969671,0.000748897308857211,"eligible",FALSE,TRUE
43163,"Oral methamphetamine","SUC0279","047353","B6NJ-Igsf9b-/- Cyfip2-S968F<J>","F",2025-04-28,2025-02-08,"Fionna",79,11.2857142857143,NA,20.6000003814697,98.1999969482422,97,90.4000015258789,93.3000030517578,2,NA,NA,NA,NA,NA,NA,"day 13-15 Methamphetamine drinking","20","Methamphetamine Drinking","mg_L",NA,NA,NA,NA,NA,NA,NA,NA,NA,NA,NA,NA,430935.927623713,"047353_4/28/2025_Oral methamphetamine","047353_4/28/2025_Oral methamphetamine","yes",NA,"Kumar Lab","yes","Igsf9b",NA,"OM5: 4 days 20mg-L,  3 days 40mg-L,  4 days 80mg-L oral methamphetamine position swap every 2-3 days skip weekend work",0.00378640547472008,7.79999542236328,3.69999694824219,0.678260922431946,2,7.7999954223633,3.6999969482422,0.678260921485517,0.0037864054747201,"eligible",TRUE,FALSE
43257,"Oral methamphetamine","SUC0279","047353","B6NJ-Igsf9b-/- Cyfip2-S968F<J>","F",2025-05-02,2025-02-08,"Fionna",83,11.8571428571429,NA,21.0888894399007,96.5999984741211,86.4000015258789,89.5999984741211,79.5999984741211,3,NA,NA,NA,NA,NA,NA,"day 17-20 Methamphetamine Drinking","40","Methamphetamine Drinking","mg_L",NA,NA,NA,NA,NA,NA,NA,NA,NA,NA,NA,NA,NA,"047353_5/2/2025_Oral methamphetamine","047353_5/2/2025_Oral methamphetamine","yes",NA,"Kumar Lab","yes","Igsf9b",NA,"OM5: 4 days 20mg-L,  3 days 40mg-L,  4 days 80mg-L oral methamphetamine position swap every 2-3 days skip weekend work",NA,7,6.80000305175781,0.507246255874634,4,7,6.80000305175781,0.507246264638206,0.00442571115939108,"eligible",TRUE,FALSE
43351,"Oral methamphetamine","SUC0279","047353","B6NJ-Igsf9b-/- Cyfip2-S968F<J>","F",2025-05-07,2025-02-08,"Fionna",88,12.5714285714286,NA,21.7000007629395,100.5,89.0999984741211,97.4000015258789,81.4000015258789,2,NA,NA,NA,NA,NA,NA,"day 22-24 Methamphetamine Drinking","80","Methamphetamine Drinking","mg_L",NA,NA,NA,NA,NA,NA,NA,NA,NA,NA,NA,NA,451092.15903947,"047353_5/7/2025_Oral methamphetamine","047353_5/7/2025_Oral methamphetamine","yes",NA,"Kumar Lab","yes","Igsf9b",NA,"OM5: 4 days 20mg-L,  3 days 40mg-L,  4 days 80mg-L oral methamphetamine position swap every 2-3 days skip weekend work",0.00571428270070009,3.09999847412109,7.69999694824219,0.287037014961243,6,3.09999847412109,7.69999694824219,0.2870370174141,0.00571428270070008,"eligible",TRUE,FALSE
20150,"Oral methamphetamine","SUC0043","023262","B6NJ-Isca1+/- Cyfip2-S968F<J>","F",2023-08-07,2023-05-20,"Marina",79,11.2857142857143,NA,18.8999996185303,81.6999969482422,80.5999984741211,80.5999984741211,76,2,NA,NA,NA,NA,NA,NA,"Day 1-3","20","Methamphetamine drinking","mg_L",NA,NA,NA,NA,NA,NA,NA,NA,NA,NA,NA,NA,348413.738844407,"023262_8/7/2023_Oral methamphetamine","023262_8/7/2023_Oral methamphetamine","yes",NA,"Kumar Lab","yes","Isca1tm1b",NA,"OM4: 4 days 20mg-L,  4 days 40mg-L,  4 days 80mg-L oral methamphetamine position swap every 2 days",0.000582009786414288,1.09999847412109,4.59999847412109,0.192982286214828,1,1.09999847412111,4.59999847412109,0.192982291764267,0.000582009786414295,"eligible",TRUE,FALSE
20152,"Oral methamphetamine","SUC0043","023915","B6NJ-Isca1+/- Cyfip2-S968F<J>","M",2023-08-07,2023-05-27,"Marina",72,10.2857142857143,NA,24,83.9000015258789,80.9000015258789,82.6999969482422,76,2,NA,NA,NA,NA,NA,NA,"Day 1-3","20","Methamphetamine drinking","mg_L",NA,NA,NA,NA,NA,NA,NA,NA,NA,NA,NA,NA,289105.407714844,"023915_8/7/2023_Oral methamphetamine","023915_8/7/2023_Oral methamphetamine","yes",NA,"Kumar Lab","yes","Isca1tm1b",NA,"OM4: 4 days 20mg-L,  4 days 40mg-L,  4 days 80mg-L oral methamphetamine position swap every 2 days",0.000500001907348633,1.20000457763672,4.90000152587891,0.196721866726875,1,1.2000045776367,4.90000152587891,0.196721865072415,0.000500001907348627,"eligible",TRUE,FALSE
26909,"Oral methamphetamine","SUC0081","030352","B6NJ-Isca1+/- Cyfip2-S968F<J>","F",2024-01-22,2023-10-30,"Misty",84,12,NA,18.6000003814697,84.5999984741211,83.5999984741211,79.6999969482422,82.4000015258789,2,NA,NA,NA,NA,NA,NA,"Days 1-3","20","methamphetamine drinking","mg_L",NA,NA,NA,NA,NA,NA,NA,NA,NA,NA,NA,NA,362506.424226937,"030352_1/22/2024_Oral methamphetamine","030352_1/22/2024_Oral methamphetamine","yes",NA,"Kumar Lab","yes","Isca1tm1b",NA,"OM4: 4 days 20mg-L,  4 days 40mg-L,  4 days 80mg-L oral methamphetamine position swap every 2 days",0.00263440936848611,4.90000152587891,1.19999694824219,0.803279161453247,1,4.90000152587889,1.19999694824219,0.803279139604197,0.00263440936848611,"eligible",TRUE,FALSE
26959,"Oral methamphetamine","SUC0081","030352","B6NJ-Isca1+/- Cyfip2-S968F<J>","F",2024-01-24,2023-10-30,"Misty",86,12.2857142857143,NA,19,79.6999969482422,82.4000015258789,74.1999969482422,79.4000015258789,2,NA,NA,NA,NA,NA,NA,"Days 3-5","20","methamphetamine drinking","mg_L",NA,NA,NA,NA,NA,NA,NA,NA,NA,NA,NA,NA,311249.460320724,"030352_1/24/2024_Oral methamphetamine","030352_1/24/2024_Oral methamphetamine","yes",NA,"Kumar Lab","yes","Isca1tm1b",NA,"OM4: 4 days 20mg-L,  4 days 40mg-L,  4 days 80mg-L oral methamphetamine position swap every 2 days",0.00289473684210526,5.5,3,0.647058844566345,2,5.5,3,0.647058823529412,0.00289473684210526,"eligible",TRUE,FALSE
26960,"Oral methamphetamine","SUC0081","030355","B6NJ-Isca1+/- Cyfip2-S968F<J>","M",2024-01-24,2023-10-30,"Misty",86,12.2857142857143,NA,24.7000007629395,77.9000015258789,82.9000015258789,76.6999969482422,82.1999969482422,2,NA,NA,NA,NA,NA,NA,"Days 3-5","20","methamphetamine drinking","mg_L",NA,NA,NA,NA,NA,NA,NA,NA,NA,NA,NA,NA,241899.979876314,"030355_1/24/2024_Oral methamphetamine","030355_1/24/2024_Oral methamphetamine","yes",NA,"Kumar Lab","yes","Isca1tm1b",NA,"OM4: 4 days 20mg-L,  4 days 40mg-L,  4 days 80mg-L oral methamphetamine position swap every 2 days",0.0004858317978019,1.20000457763672,0.700004577636719,0.631578326225281,2,1.2000045776367,0.700004577636705,0.631578313349772,0.000485831797801894,"eligible",TRUE,FALSE
28206,"Oral methamphetamine","SUC0100","031009","B6NJ-Isca1+/- Cyfip2-S968F<J>","F",2024-02-19,2023-11-15,"Misty",96,13.7142857142857,NA,19.1000003814697,82.1999969482422,82.1999969482422,77.0999984741211,81,2,NA,NA,NA,NA,NA,NA,"Days 1-3","20","methamphetamine drinking","mg_L",NA,NA,NA,NA,NA,NA,NA,NA,NA,NA,NA,NA,331812.539388995,"031009_2/19/2024_Oral methamphetamine","031009_2/19/2024_Oral methamphetamine","yes",NA,"Kumar Lab","yes","Isca1tm1b",NA,"OM4: 4 days 20mg-L,  4 days 40mg-L,  4 days 80mg-L oral methamphetamine position swap every 2 days",0.00267015621584435,5.09999847412109,1.19999694824219,0.809524178504944,1,5.09999847412111,1.1999969482422,0.809524155528347,0.00267015621584437,"eligible",TRUE,FALSE
29638,"Oral methamphetamine","SUC0106","031281","B6NJ-Isca1+/- Cyfip2-S968F<J>","F",2024-03-20,2023-11-23,"Orianna",118,16.8571428571429,NA,20.1000003814697,78.6999969482422,80.3000030517578,78.1999969482422,75.4000015258789,2,NA,NA,NA,NA,NA,NA,"day 15-17","20","Methamphetamine Drinking","mg_L",NA,NA,NA,NA,NA,NA,NA,NA,NA,NA,NA,NA,NA,"031281_3/20/2024_Oral methamphetamine","031281_3/20/2024_Oral methamphetamine","yes",NA,"Kumar Lab","yes","Isca1tm1b",NA,"OM5: 4 days 20mg-L,  3 days 40mg-L,  4 days 80mg-L oral methamphetamine position swap every 2-3 days skip weekend work",NA,0.5,4.90000152587891,0.0925925672054291,2,0.5,4.90000152587889,0.0925925664286958,0.00024875621418443,"eligible",TRUE,TRUE
29639,"Oral methamphetamine","SUC0106","031284","B6NJ-Isca1+/- Cyfip2-S968F<J>","M",2024-03-20,2023-11-23,"Orianna",118,16.8571428571429,NA,30.4444444444444,80.8000030517578,81.3000030517578,79.3000030517578,78.1999969482422,2,NA,NA,NA,NA,NA,NA,"day 15-17","20","Methamphetamine Drinking","mg_L",NA,NA,NA,NA,NA,NA,NA,NA,NA,NA,NA,NA,NA,"031284_3/20/2024_Oral methamphetamine","031284_3/20/2024_Oral methamphetamine","yes",NA,"Kumar Lab","yes","Isca1tm1b",NA,"OM5: 4 days 20mg-L,  3 days 40mg-L,  4 days 80mg-L oral methamphetamine position swap every 2-3 days skip weekend work",NA,1.5,3.10000610351563,0.326086521148682,2,1.5,3.1000061035156,0.326086523853438,0.000492700729927007,"eligible",TRUE,FALSE
28459,"Oral methamphetamine","SUC0100","031012","B6NJ-Isca1+/- Cyfip2-S968F<J>","F",2024-02-29,2023-11-15,"Misty",106,15.1428571428571,NA,19.2999992370605,81.0999984741211,75.8000030517578,76.9000015258789,73.4000015258789,2,NA,NA,NA,NA,NA,NA,"Days 11-13","80","methamphetamine drinking","mg_L",NA,NA,NA,NA,NA,NA,NA,NA,NA,NA,NA,NA,323139.382916362,"031012_2/29/2024_Oral methamphetamine","031012_2/29/2024_Oral methamphetamine","yes",NA,"Kumar Lab","yes","Isca1tm1b",NA,"OM4: 4 days 20mg-L,  4 days 40mg-L,  4 days 80mg-L oral methamphetamine position swap every 2 days",0.00870465723164839,4.19999694824219,2.40000152587891,0.636363327503204,6,4.19999694824219,2.40000152587889,0.636363321099328,0.00870465723164841,"eligible",TRUE,FALSE
40998,"Oral methamphetamine","SUC0249","044168","B6NJ-Kbtbd7-/- Cyfip2-S968F<J>","F",2025-03-05,2024-11-19,"Fionna",106,15.1428571428571,NA,18.7000007629395,93.3000030517578,90.3000030517578,85.5,86.0999984741211,2,NA,NA,NA,NA,NA,NA,"day 22-24 Methamphetamine Drinking","80","Methamphetamine Drinking","mg_L",NA,NA,NA,NA,NA,NA,NA,NA,NA,NA,NA,NA,426585.564982141,"044168_3/5/2025_Oral methamphetamine","044168_3/5/2025_Oral methamphetamine","yes",NA,"Kumar Lab","yes","Kbtbd7",NA,"OM5: 4 days 20mg-L,  3 days 40mg-L,  4 days 80mg-L oral methamphetamine position swap every 2-3 days skip weekend work",0.0166844978257246,7.80000305175781,4.20000457763672,0.649999856948853,6,7.8000030517578,4.2000045776367,0.649999841054382,0.0166844978257246,"eligible",TRUE,FALSE
45778,"Oral methamphetamine","SUC0305","049260","B6NJ-Kbtbd7-/- Cyfip2-S968F<J>","M",2025-07-16,2025-03-18,"Fionna",120,17.1428571428571,NA,25.2999992370605,92.4000015258789,84.8000030517578,86.5999984741211,83.1999969482422,2,NA,NA,NA,NA,NA,NA,"day 22-24 Methamphetamine Drinking","80","Methamphetamine Drinking","mg_L",NA,NA,NA,NA,NA,NA,NA,NA,NA,NA,NA,NA,316278.264231271,"049260_7/16/2025_Oral methamphetamine","049260_7/16/2025_Oral methamphetamine","yes",NA,"Kumar Lab","yes","Kbtbd7",NA,"OM5: 4 days 20mg-L,  3 days 40mg-L,  4 days 80mg-L oral methamphetamine position swap every 2-3 days skip weekend work",0.00916996557574866,5.80000305175781,1.60000610351563,0.783783197402954,6,5.80000305175781,1.6000061035156,0.783783226487578,0.00916996557574867,"eligible",FALSE,TRUE
45776,"Oral methamphetamine","SUC0305","049263","B6NJ-Kbtbd7-/- Cyfip2-S968F<J>","M",2025-07-16,2025-03-18,"Fionna",120,17.1428571428571,NA,22,91.5,89.1999969482422,85.0999984741211,87.4000015258789,2,NA,NA,NA,NA,NA,NA,"day 22-24 Methamphetamine Drinking","80","Methamphetamine Drinking","mg_L",NA,NA,NA,NA,NA,NA,NA,NA,NA,NA,NA,NA,353938.631924716,"049263_7/16/2025_Oral methamphetamine","049263_7/16/2025_Oral methamphetamine","yes",NA,"Kumar Lab","yes","Kbtbd7",NA,"OM5: 4 days 20mg-L,  3 days 40mg-L,  4 days 80mg-L oral methamphetamine position swap every 2-3 days skip weekend work",0.0116363664106889,6.40000152587891,1.79999542236328,0.780488252639771,6,6.40000152587891,1.7999954223633,0.78048828143172,0.0116363664106889,"eligible",FALSE,TRUE
48333,"Oral methamphetamine","SUC0336","051110","B6NJ-Kbtbd7-/- Cyfip2-S968F<J>","M",2025-09-08,2025-05-07,"Fionna",124,17.7142857142857,NA,27.2000007629395,100.379997253418,81.620002746582,94.1999969482422,79.4000015258789,2,NA,NA,NA,NA,NA,NA,"day 22-24 Methamphetamine Drinking","80","Methamphetamine Drinking","mg_L",NA,NA,NA,NA,NA,NA,NA,NA,NA,NA,NA,NA,347639.545338587,"051110_9/8/2025_Oral methamphetamine","051110_9/8/2025_Oral methamphetamine","yes",NA,"Kumar Lab","yes","Kbtbd7",NA,"OM5: 4 days 20mg-L,  3 days 40mg-L,  4 days 80mg-L oral methamphetamine position swap every 2-3 days skip weekend work",0.00908823548798742,6.18000030517578,2.22000122070313,0.735714197158813,6,6.1800003051758,2.2200012207031,0.735714188400601,0.00908823548798742,"eligible",FALSE,TRUE
43333,"Oral methamphetamine","SUC0275","047017","B6NJ-Kcnb2-/- Cyfip2-S968F<J>","M",2025-05-07,2025-01-27,"Fionna",100,14.2857142857143,NA,23.7000007629395,98.1999969482422,98.1999969482422,92.1999969482422,95.8000030517578,2,NA,NA,NA,NA,NA,NA,"day 22-24 Methamphetamine Drinking","80","Methamphetamine Drinking","mg_L",NA,NA,NA,NA,NA,NA,NA,NA,NA,NA,NA,NA,382026.952364412,"047017_5/7/2025_Oral methamphetamine","047017_5/7/2025_Oral methamphetamine","yes",NA,"Kumar Lab","no","Kcnb2",NA,"OM5: 4 days 20mg-L,  3 days 40mg-L,  4 days 80mg-L oral methamphetamine position swap every 2-3 days skip weekend work",0.0101265819524908,6,2.39999389648438,0.714286208152771,6,6,2.3999938964844,0.71428623329252,0.0101265819524907,"eligible",FALSE,TRUE
43331,"Oral methamphetamine","SUC0275","047019","B6NJ-Kcnb2-/- Cyfip2-S968F<J>","M",2025-05-07,2025-01-27,"Fionna",100,14.2857142857143,NA,25.2000007629395,92.5999984741211,95,85.8000030517578,91.8000030517578,2,NA,NA,NA,NA,NA,NA,"day 22-24 Methamphetamine Drinking","80","Methamphetamine Drinking","mg_L",NA,NA,NA,NA,NA,NA,NA,NA,NA,NA,NA,NA,315280.945935902,"047019_5/7/2025_Oral methamphetamine","047019_5/7/2025_Oral methamphetamine","yes",NA,"Kumar Lab","no","Kcnb2",NA,"OM5: 4 days 20mg-L,  3 days 40mg-L,  4 days 80mg-L oral methamphetamine position swap every 2-3 days skip weekend work",0.0107936432007792,6.79999542236328,3.19999694824219,0.680000066757202,6,6.7999954223633,3.1999969482422,0.680000061035202,0.0107936432007792,"eligible",TRUE,TRUE
43290,"Oral methamphetamine","SUC0275","047020","B6NJ-Kcnb2-/- Cyfip2-S968F<J>","M",2025-05-05,2025-01-27,"Fionna",98,14,NA,27.0999995337592,101.5,97.3000030517578,95,95.0999984741211,2,NA,NA,NA,NA,NA,NA,"day 20-22 Methamphetamine Drinking","80","Methamphetamine Drinking","mg_L",NA,NA,NA,NA,NA,NA,NA,NA,NA,NA,NA,NA,NA,"047020_5/5/2025_Oral methamphetamine","047020_5/5/2025_Oral methamphetamine","yes",NA,"Kumar Lab","no","Kcnb2",NA,"OM5: 4 days 20mg-L,  3 days 40mg-L,  4 days 80mg-L oral methamphetamine position swap every 2-3 days skip weekend work",NA,6.5,2.20000457763672,0.747126042842865,5,6.5,2.2000045776367,0.747126043669931,0.00959409610602062,"eligible",FALSE,TRUE
43337,"Oral methamphetamine","SUC0275","047020","B6NJ-Kcnb2-/- Cyfip2-S968F<J>","M",2025-05-07,2025-01-27,"Fionna",100,14.2857142857143,NA,26.8999996185303,95,95.0999984741211,88.3000030517578,93.3000030517578,2,NA,NA,NA,NA,NA,NA,"day 22-24 Methamphetamine Drinking","80","Methamphetamine Drinking","mg_L",NA,NA,NA,NA,NA,NA,NA,NA,NA,NA,NA,NA,311840.1531211,"047020_5/7/2025_Oral methamphetamine","047020_5/7/2025_Oral methamphetamine","yes",NA,"Kumar Lab","no","Kcnb2",NA,"OM5: 4 days 20mg-L,  3 days 40mg-L,  4 days 80mg-L oral methamphetamine position swap every 2-3 days skip weekend work",0.00996282088216364,6.69999694824219,1.79999542236328,0.788235664367676,6,6.6999969482422,1.7999954223633,0.788235642588574,0.00996282088216366,"eligible",FALSE,TRUE
46743,"Oral methamphetamine","SUC0316","049883","B6NJ-Kcnb2-/- Cyfip2-S968F<J>","F",2025-08-09,2025-04-10,"Fionna",121,17.2857142857143,NA,21.3399996076311,96.2699966430664,95.7300033569336,89.8199996948242,92.3399963378906,2,NA,NA,NA,NA,NA,NA,"day 20-22 Methamphetamine Drinking","80","Methamphetamine Drinking","mg_L",NA,NA,NA,NA,NA,NA,NA,NA,NA,NA,NA,NA,NA,"049883_8/9/2025_Oral methamphetamine","049883_8/9/2025_Oral methamphetamine","yes",NA,"Kumar Lab","no","Kcnb2",NA,"OM5: 4 days 20mg-L,  3 days 40mg-L,  4 days 80mg-L oral methamphetamine position swap every 2-3 days skip weekend work",NA,6.44999694824219,3.39000701904297,0.655487239360809,5,6.4499969482422,3.390007019043,0.655487230461119,0.0120899663858207,"eligible",TRUE,TRUE
46792,"Oral methamphetamine","SUC0316","049883","B6NJ-Kcnb2-/- Cyfip2-S968F<J>","F",2025-08-11,2025-04-10,"Fionna",123,17.5714285714286,NA,20.8199996948242,89.8199996948242,92.3399963378906,81.7699966430664,91.3399963378906,2,NA,NA,NA,NA,NA,NA,"day 22-24 Methamphetamine Drinking","80","Methamphetamine Drinking","mg_L",NA,NA,NA,NA,NA,NA,NA,NA,NA,NA,NA,NA,352765.66581859,"049883_8/11/2025_Oral methamphetamine","049883_8/11/2025_Oral methamphetamine","yes",NA,"Kumar Lab","no","Kcnb2",NA,"OM5: 4 days 20mg-L,  3 days 40mg-L,  4 days 80mg-L oral methamphetamine position swap every 2-3 days skip weekend work",0.0154659042646557,8.05000305175781,1,0.889502823352814,6,8.0500030517578,1,0.889502799691789,0.0154659042646557,"eligible",TRUE,TRUE
20239,"Oral methamphetamine","SUC0045","023942","B6NJ-Kcnh3-/- Cyfip2-S968F<J>","F",2023-08-17,2023-05-30,"Marina",79,11.2857142857143,NA,19.2000007629395,76,73.6999969482422,71.8000030517578,69.5,2,NA,NA,NA,NA,NA,NA,"Day 11-13","80","Methamphetamine drinking","mg_L",NA,NA,NA,NA,NA,NA,NA,NA,NA,NA,NA,NA,284208.337298698,"023942_8/17/2023_Oral methamphetamine","023942_8/17/2023_Oral methamphetamine","yes",NA,"Kumar Lab","yes","Kcnh3",NA,"OM4: 4 days 20mg-L,  4 days 40mg-L,  4 days 80mg-L oral methamphetamine position swap every 2 days",0.00874999329447773,4.19999694824219,4.19999694824219,0.5,6,4.1999969482422,4.1999969482422,0.5,0.00874999329447774,"eligible",TRUE,FALSE
22705,"Oral methamphetamine","SUC0058","026332","B6NJ-Kcnh3-/- Cyfip2-S968F<J>","M",2023-10-19,2023-07-29,"Marina",82,11.7142857142857,NA,27.7999992370605,82.0999984741211,76.3000030517578,76.5,75.3000030517578,2,NA,NA,NA,NA,NA,NA,"Day 11-13","80","Methamphetamine drinking","mg_L",NA,NA,NA,NA,NA,NA,NA,NA,NA,NA,NA,NA,225922.66455788,"026332_10/19/2023_Oral methamphetamine","026332_10/19/2023_Oral methamphetamine","yes",NA,"Kumar Lab","yes","Kcnh3",NA,"OM4: 4 days 20mg-L,  4 days 40mg-L,  4 days 80mg-L oral methamphetamine position swap every 2 days",0.00805755198245569,5.59999847412109,1,0.848484814167023,6,5.59999847412109,1,0.848484813455481,0.0080575519824557,"eligible",TRUE,TRUE
22708,"Oral methamphetamine","SUC0058","026335","B6NJ-Kcnh3-/- Cyfip2-S968F<J>","M",2023-10-19,2023-07-29,"Marina",82,11.7142857142857,NA,25.7000007629395,79.8000030517578,78.3000030517578,74.9000015258789,76.3000030517578,2,NA,NA,NA,NA,NA,NA,"Day 11-13","80","Methamphetamine drinking","mg_L",NA,NA,NA,NA,NA,NA,NA,NA,NA,NA,NA,NA,232568.884450448,"026335_10/19/2023_Oral methamphetamine","026335_10/19/2023_Oral methamphetamine","yes",NA,"Kumar Lab","yes","Kcnh3",NA,"OM4: 4 days 20mg-L,  4 days 40mg-L,  4 days 80mg-L oral methamphetamine position swap every 2 days",0.0076264612924758,4.90000152587891,2,0.710144996643066,6,4.90000152587889,2,0.71014499163531,0.00762646129247576,"eligible",FALSE,TRUE
44268,"Oral methamphetamine","SUC0288","048192","B6NJ-Kdm5b-/- Cyfip2-S968F<J>","F",2025-05-28,2025-02-27,"Fionna",90,12.8571428571429,NA,22.1111115349664,98.1999969482422,96.9000015258789,92.9000015258789,95.8000030517578,2,NA,NA,NA,NA,NA,NA,"day 15-17 Methamphetamine Drinking","20","Methamphetamine Drinking","mg_L",NA,NA,NA,NA,NA,NA,NA,NA,NA,NA,NA,NA,NA,"048192_5/28/2025_Oral methamphetamine","048192_5/28/2025_Oral methamphetamine","yes",NA,"Kumar Lab","no","Kdm5b",NA,"OM5: 4 days 20mg-L,  3 days 40mg-L,  4 days 80mg-L oral methamphetamine position swap every 2-3 days skip weekend work",NA,5.29999542236328,1.09999847412109,0.828125059604645,3,5.2999954223633,1.09999847412111,0.828125074505876,0.00239698280838659,"eligible",FALSE,TRUE
24759,"Oral methamphetamine","SUC0040","022354","B6NJ-Macrod2-/- Cyfip2-S968F<J>","M",2023-07-15,2023-04-24,"Marina",82,11.7142857142857,NA,24,82.8000030517578,76.5,80.5,75.5,1,NA,NA,NA,NA,NA,NA,"Day 6-7","40","Methamphetamine Drinking","mg_L",NA,NA,NA,NA,NA,NA,NA,NA,NA,NA,NA,NA,277725.016276042,"022354_7/15/2023_Oral methamphetamine","022354_7/15/2023_Oral methamphetamine","yes",NA,"Kumar Lab","yes","Macrod2",NA,"OM4: 4 days 20mg-L,  4 days 40mg-L,  4 days 80mg-L oral methamphetamine position swap every 2 days",0.00383333841959635,2.30000305175781,1,0.696969985961914,3,2.3000030517578,1,0.696969977204314,0.00383333841959633,"eligible",FALSE,TRUE
24781,"Oral methamphetamine","SUC0040","022356","B6NJ-Macrod2-/- Cyfip2-S968F<J>","M",2023-07-16,2023-04-29,"Marina",78,11.1428571428571,NA,26.2000007629395,78.9000015258789,75.3000030517578,74.4000015258789,74.1999969482422,2,NA,NA,NA,NA,NA,NA,"Day 7-9","40","Methamphetamine Drinking","mg_L",NA,NA,NA,NA,NA,NA,NA,NA,NA,NA,NA,NA,224051.907836334,"022356_7/16/2023_Oral methamphetamine","022356_7/16/2023_Oral methamphetamine","yes",NA,"Kumar Lab","yes","Macrod2",NA,"OM4: 4 days 20mg-L,  4 days 40mg-L,  4 days 80mg-L oral methamphetamine position swap every 2 days",0.00343511440378686,4.5,1.10000610351563,0.803570568561554,4,4.5,1.1000061035156,0.803570552749035,0.00343511440378685,"eligible",FALSE,TRUE
24762,"Oral methamphetamine","SUC0040","022357","B6NJ-Macrod2-/- Cyfip2-S968F<J>","M",2023-07-15,2023-04-29,"Marina",77,11,NA,23.7999992370605,82.1999969482422,72.4000015258789,78.8000030517578,71.5999984741211,1,NA,NA,NA,NA,NA,NA,"Day 6-7","40","Methamphetamine Drinking","mg_L",NA,NA,NA,NA,NA,NA,NA,NA,NA,NA,NA,NA,272157.986173165,"022357_7/15/2023_Oral methamphetamine","022357_7/15/2023_Oral methamphetamine","yes",NA,"Kumar Lab","yes","Macrod2",NA,"OM4: 4 days 20mg-L,  4 days 40mg-L,  4 days 80mg-L oral methamphetamine position swap every 2 days",0.00571427563945468,3.39999389648438,0.800003051757813,0.809522926807404,3,3.3999938964844,0.800003051757812,0.809522944512464,0.00571427563945474,"eligible",TRUE,TRUE
29704,"Oral methamphetamine","SUC0112","031591","B6NJ-Macrod2-/- Cyfip2-S968F<J>","F",2024-03-22,2023-12-05,"Orianna",108,15.4285714285714,NA,19.8555550045437,84.5,81.0999984741211,75.8000030517578,80.3000030517578,3,NA,NA,NA,NA,NA,NA,"day 17-20","40","Methamphetamine Drinking","mg_L",NA,NA,NA,NA,NA,NA,NA,NA,NA,NA,NA,NA,NA,"031591_3/22/2024_Oral methamphetamine","031591_3/22/2024_Oral methamphetamine","yes",NA,"Kumar Lab","yes","Macrod2",NA,"OM5: 4 days 20mg-L,  3 days 40mg-L,  4 days 80mg-L oral methamphetamine position swap every 2-3 days skip weekend work",NA,8.69999694824219,0.799995422363281,0.915789902210236,3,8.6999969482422,0.799995422363295,0.915789887912057,0.00584219173341419,"eligible",TRUE,TRUE
24796,"Oral methamphetamine","SUC0040","022351","B6NJ-Macrod2-/- Cyfip2-S968F<J>","F",2023-07-18,2023-04-24,"Marina",85,12.1428571428571,NA,23.1000003814697,81.4000015258789,82.3000030517578,78.3000030517578,78.3000030517578,2,NA,NA,NA,NA,NA,NA,"Day 9-11","80","Methamphetamine Drinking","mg_L",NA,NA,NA,NA,NA,NA,NA,NA,NA,NA,NA,NA,275914.307368649,"022351_7/18/2023_Oral methamphetamine","022351_7/18/2023_Oral methamphetamine","yes",NA,"Kumar Lab","yes","Macrod2",NA,"OM4: 4 days 20mg-L,  4 days 40mg-L,  4 days 80mg-L oral methamphetamine position swap every 2 days",0.00536796263710513,3.09999847412109,4,0.436619609594345,5,3.09999847412111,4,0.436619597232357,0.00536796263710516,"eligible",TRUE,TRUE
24819,"Oral methamphetamine","SUC0040","022356","B6NJ-Macrod2-/- Cyfip2-S968F<J>","M",2023-07-20,2023-04-29,"Marina",82,11.7142857142857,NA,26.1000003814697,81.5,69.9000015258789,78.5999984741211,67.8000030517578,2,NA,NA,NA,NA,NA,NA,"Day 11-13","80","Methamphetamine Drinking","mg_L",NA,NA,NA,NA,NA,NA,NA,NA,NA,NA,NA,NA,245436.774280347,"022356_7/20/2023_Oral methamphetamine","022356_7/20/2023_Oral methamphetamine","yes",NA,"Kumar Lab","yes","Macrod2",NA,"OM4: 4 days 20mg-L,  4 days 40mg-L,  4 days 80mg-L oral methamphetamine position swap every 2 days",0.00444444671799749,2.90000152587891,2.09999847412109,0.580000281333923,6,2.90000152587891,2.09999847412111,0.58000030517578,0.00444444671799749,"eligible",FALSE,TRUE
24801,"Oral methamphetamine","SUC0040","022357","B6NJ-Macrod2-/- Cyfip2-S968F<J>","M",2023-07-18,2023-04-29,"Marina",80,11.4285714285714,NA,23.3999996185303,84.3000030517578,82.8000030517578,81.5,78.0999984741211,2,NA,NA,NA,NA,NA,NA,"Day 9-11","80","Methamphetamine Drinking","mg_L",NA,NA,NA,NA,NA,NA,NA,NA,NA,NA,NA,NA,293608.987492113,"022357_7/18/2023_Oral methamphetamine","022357_7/18/2023_Oral methamphetamine","yes",NA,"Kumar Lab","yes","Macrod2",NA,"OM4: 4 days 20mg-L,  4 days 40mg-L,  4 days 80mg-L oral methamphetamine position swap every 2 days",0.00478633008103216,2.80000305175781,4.70000457763672,0.373333364725113,5,2.8000030517578,4.7000045776367,0.373333360460041,0.00478633008103213,"eligible",TRUE,FALSE
20213,"Oral methamphetamine","SUC0046","022956","B6NJ-Macrod2-/- Cyfip2-S968F<J>","F",2023-08-15,2023-05-13,"Marina",94,13.4285714285714,NA,22.5,80.4000015258789,82.6999969482422,77.6999969482422,78.5,2,NA,NA,NA,NA,NA,NA,"Day 9-11","80","Methamphetamine drinking","mg_L",NA,NA,NA,NA,NA,NA,NA,NA,NA,NA,NA,NA,277648.003472222,"022956_8/15/2023_Oral methamphetamine","022956_8/15/2023_Oral methamphetamine","yes",NA,"Kumar Lab","yes","Macrod2",NA,"OM4: 4 days 20mg-L,  4 days 40mg-L,  4 days 80mg-L oral methamphetamine position swap every 2 days",0.00480000813802083,2.70000457763672,4.19999694824219,0.391304910182953,5,2.7000045776367,4.1999969482422,0.391304924717793,0.00480000813802081,"eligible",TRUE,FALSE
30487,"Oral methamphetamine","SUC0118","032118","B6NJ-Macrod2-/- Cyfip2-S968F<J>","M",2024-04-22,2023-12-15,"Orianna",129,18.4285714285714,NA,29.5444439782037,63.2000007629395,79.9000015258789,59.7999992370605,77.6999969482422,2,NA,NA,NA,NA,NA,NA,"day 20-22 Methamphetamine Drinking","80","Methamphetamine Drinking","mg_L",NA,NA,NA,NA,NA,NA,NA,NA,NA,NA,NA,NA,NA,"032118_4/22/2024_Oral methamphetamine","032118_4/22/2024_Oral methamphetamine","yes",NA,"Kumar Lab","yes","Macrod2",NA,"OM5: 4 days 20mg-L,  3 days 40mg-L,  4 days 80mg-L oral methamphetamine position swap every 2-3 days skip weekend work",NA,3.40000152587891,2.20000457763672,0.607142448425293,5,3.40000152587901,2.2000045776367,0.607142467888467,0.00460323643712821,"eligible",FALSE,TRUE
51119,"Oral methamphetamine","SUC0383","055943","B6NJ-Mast3-/- Cyfip2-S968F<J>","F",2025-12-29,2025-09-25,"Fionna",95,13.5714285714286,NA,20.0499992370605,88.0599975585938,86.5500030517578,81.1999969482422,83.0199966430664,2,NA,NA,NA,NA,NA,NA,"day 22-24 Methamphetamine Drinking","80","Methamphetamine Drinking","mg_L",NA,NA,NA,NA,NA,NA,NA,NA,NA,NA,NA,NA,356632.017544944,"055943_12/29/2025_Oral methamphetamine","055943_12/29/2025_Oral methamphetamine","yes",NA,"Kumar Lab","yes","Mast3",NA,"OM5: 4 days 20mg-L,  3 days 40mg-L,  4 days 80mg-L oral methamphetamine position swap every 2-3 days skip weekend work",0.013685787274588,6.86000061035156,3.53000640869141,0.660249829292297,6,6.86000061035161,3.53000640869139,0.660249853323339,0.0136857872745881,"eligible",TRUE,FALSE
50230,"Oral methamphetamine","SUC0372","055604","B6NJ-Mylip-/- Cyfip2-S968F<J>","F",2025-11-28,2025-09-12,"Fionna",77,11,NA,17.7288886176215,95.4700012207031,97.9499969482422,82.9400024414063,95.9700012207031,3,NA,NA,NA,NA,NA,NA,"day 17-20 Methamphetamine Drinking","40","Methamphetamine Drinking","mg_L",NA,NA,NA,NA,NA,NA,NA,NA,NA,NA,NA,NA,NA,"055604_11/28/2025_Oral methamphetamine","055604_11/28/2025_Oral methamphetamine","yes",NA,"Kumar Lab","yes","Mylip",NA,"OM5: 4 days 20mg-L,  3 days 40mg-L,  4 days 80mg-L oral methamphetamine position swap every 2-3 days skip weekend work",NA,12.5299987792969,1.97999572753906,0.86354261636734,4,12.5299987792968,1.97999572753911,0.863542627352044,0.00942341361570567,"eligible",TRUE,FALSE
50287,"Oral methamphetamine","SUC0372","055599","B6NJ-Mylip-/- Cyfip2-S968F<J>","F",2025-12-03,2025-09-12,"Fionna",82,11.7142857142857,NA,19.6399993896484,90.3000030517578,85.2699966430664,83.5299987792969,82.9599990844727,2,NA,NA,NA,NA,NA,NA,"day 22-24 Methamphetamine Drinking","80","Methamphetamine Drinking","mg_L",NA,NA,NA,NA,NA,NA,NA,NA,NA,NA,NA,NA,384050.891636956,"055599_12/3/2025_Oral methamphetamine","055599_12/3/2025_Oral methamphetamine","yes",NA,"Kumar Lab","yes","Mylip",NA,"OM5: 4 days 20mg-L,  3 days 40mg-L,  4 days 80mg-L oral methamphetamine position swap every 2-3 days skip weekend work",0.0137881965027538,6.77000427246094,2.30999755859375,0.745595037937164,6,6.77000427246089,2.30999755859371,0.745595033836528,0.0137881965027537,"eligible",FALSE,TRUE
50290,"Oral methamphetamine","SUC0372","055604","B6NJ-Mylip-/- Cyfip2-S968F<J>","F",2025-12-03,2025-09-12,"Fionna",82,11.7142857142857,NA,17.8400001525879,89.8000030517578,89.0899963378906,82.6800003051758,87.6100006103516,2,NA,NA,NA,NA,NA,NA,"day 22-24 Methamphetamine Drinking","80","Methamphetamine Drinking","mg_L",NA,NA,NA,NA,NA,NA,NA,NA,NA,NA,NA,NA,416180.717432503,"055604_12/3/2025_Oral methamphetamine","055604_12/3/2025_Oral methamphetamine","yes",NA,"Kumar Lab","yes","Mylip",NA,"OM5: 4 days 20mg-L,  3 days 40mg-L,  4 days 80mg-L oral methamphetamine position swap every 2-3 days skip weekend work",0.0159641315822505,7.12000274658203,1.47999572753906,0.82790744304657,6,7.120002746582,1.47999572753899,0.827907443007975,0.0159641315822504,"eligible",TRUE,TRUE
52026,"Oral methamphetamine","SUC0394","056216","B6NJ-Mylip-/- Cyfip2-S968F<J>","M",2026-01-28,2025-10-04,"Fionna",116,16.5714285714286,NA,27.3400001525879,88.879997253418,83.0599975585938,81.1999969482422,80.5500030517578,2,NA,NA,NA,NA,NA,NA,"day 22-24 Methamphetamine Drinking","80","Methamphetamine Drinking","mg_L",NA,NA,NA,NA,NA,NA,NA,NA,NA,NA,NA,NA,263974.23642221,"056216_1/28/2026_Oral methamphetamine","056216_1/28/2026_Oral methamphetamine","yes",NA,"Kumar Lab","yes","Mylip",NA,"OM5: 4 days 20mg-L,  3 days 40mg-L,  4 days 80mg-L oral methamphetamine position swap every 2-3 days skip weekend work",0.0112362842169901,7.68000030517578,2.50999450683594,0.753680467605591,6,7.6800003051758,2.50999450683601,0.753680492174808,0.0112362842169902,"eligible",FALSE,TRUE
37429,"Oral methamphetamine","SUC0220","039726","B6NJ-Myo5a+/- Cyfip2-S968F<J>","F",2024-12-04,2024-08-03,"Fionna",123,17.5714285714286,NA,22.6428571428571,95.5,86.1999969482422,94.4000015258789,92.5999984741211,2,NA,NA,NA,NA,NA,NA,"day 15-17 Methamphetamine Drinking","20","Methamphetamine Drinking","mg_L",NA,NA,NA,NA,NA,NA,NA,NA,NA,NA,NA,NA,NA,"039726_12/4/2024_Oral methamphetamine","039726_12/4/2024_Oral methamphetamine","yes",NA,"Kumar Lab","yes","Myo5a",NA,"OM5: 4 days 20mg-L,  3 days 40mg-L,  4 days 80mg-L oral methamphetamine position swap every 2-3 days skip weekend work",NA,1.09999847412109,-6.40000152587891,-0.207546755671501,3,1.09999847412109,-6.40000152587889,-0.207546762403518,0.000485803742514048,"eligible",FALSE,TRUE
37430,"Oral methamphetamine","SUC0220","039727","B6NJ-Myo5a+/- Cyfip2-S968F<J>","F",2024-12-04,2024-08-03,"Fionna",123,17.5714285714286,NA,22.4571429661342,91.3000030517578,85.1999969482422,87,93.5,2,NA,NA,NA,NA,NA,NA,"day 15-17 Methamphetamine Drinking","20","Methamphetamine Drinking","mg_L",NA,NA,NA,NA,NA,NA,NA,NA,NA,NA,NA,NA,NA,"039727_12/4/2024_Oral methamphetamine","039727_12/4/2024_Oral methamphetamine","yes",NA,"Kumar Lab","yes","Myo5a",NA,"OM5: 4 days 20mg-L,  3 days 40mg-L,  4 days 80mg-L oral methamphetamine position swap every 2-3 days skip weekend work",NA,4.30000305175781,-8.30000305175781,-1.07500076293945,3,4.3000030517578,-8.3000030517578,-1.07500076293945,0.00191475961935242,"eligible",FALSE,TRUE
40783,"Oral methamphetamine","SUC0241","043198","B6NJ-Myo5a+/- Cyfip2-S968F<J>","F",2025-02-24,2024-10-25,"Fionna",122,17.4285714285714,NA,23.5,94.4000015258789,96.0999984741211,85.6999969482422,94.1999969482422,2,NA,NA,NA,NA,NA,NA,"day 13-15 Methamphetamine drinking","20","Methamphetamine Drinking","mg_L",NA,NA,NA,NA,NA,NA,NA,NA,NA,NA,NA,NA,344258.726728723,"043198_2/24/2025_Oral methamphetamine","043198_2/24/2025_Oral methamphetamine","yes",NA,"Kumar Lab","yes","Myo5a",NA,"OM5: 4 days 20mg-L,  3 days 40mg-L,  4 days 80mg-L oral methamphetamine position swap every 2-3 days skip weekend work",0.00370212960750499,8.70000457763672,1.90000152587891,0.820754647254944,2,8.7000045776367,1.90000152587889,0.820754676240353,0.00370212960750498,"eligible",TRUE,FALSE
40979,"Oral methamphetamine","SUC0241","043198","B6NJ-Myo5a+/- Cyfip2-S968F<J>","F",2025-03-05,2024-10-25,"Fionna",131,18.7142857142857,NA,23.7000007629395,100.400001525879,92.5999984741211,92.4000015258789,88.9000015258789,2,NA,NA,NA,NA,NA,NA,"day 22-24 Methamphetamine Drinking","80","Methamphetamine Drinking","mg_L",NA,NA,NA,NA,NA,NA,NA,NA,NA,NA,NA,NA,391432.897143371,"043198_3/5/2025_Oral methamphetamine","043198_3/5/2025_Oral methamphetamine","yes",NA,"Kumar Lab","yes","Myo5a",NA,"OM5: 4 days 20mg-L,  3 days 40mg-L,  4 days 80mg-L oral methamphetamine position swap every 2-3 days skip weekend work",0.0135021092699877,8,3.69999694824219,0.68376088142395,6,8.0000000000001,3.69999694824219,0.683760862108768,0.0135021092699878,"eligible",TRUE,FALSE
53299,"Oral methamphetamine","SUC0422","058087","B6NJ-Ncald-/- Cyfip2-S968F<J>","M",2026-04-06,2025-12-30,"Fionna",97,13.8571428571429,NA,27.7911105685764,94.6999969482422,93.0199966430664,89.1699981689453,91.5299987792969,2,NA,NA,NA,NA,NA,NA,"day 20-22 Methamphetamine Drinking","80","Methamphetamine Drinking","mg_L",NA,NA,NA,NA,NA,NA,NA,NA,NA,NA,NA,NA,NA,"058087_4/6/2026_Oral methamphetamine",NA,"no",NA,"Kumar Lab","no","Ncald",NA,"OM5: 4 days 20mg-L,  3 days 40mg-L,  4 days 80mg-L oral methamphetamine position swap every 2-3 days skip weekend work",NA,5.52999877929688,1.48999786376953,0.787749469280243,5,5.5299987792969,1.4899978637695,0.787749490558352,0.00795937789625393,"eligible",TRUE,TRUE
46808,"Oral methamphetamine","SUC0324","048693","B6NJ-Nrsn1-/- Cyfip2-S968F<J>","M",2025-08-11,2025-03-16,"Fionna",148,21.1428571428571,NA,26.2299995422363,91.4599990844727,80.3399963378906,86.0899963378906,78.4899978637695,2,NA,NA,NA,NA,NA,NA,"day 22-24 Methamphetamine Drinking","80","Methamphetamine Drinking","mg_L",NA,NA,NA,NA,NA,NA,NA,NA,NA,NA,NA,NA,300182.659284701,"048693_8/11/2025_Oral methamphetamine","048693_8/11/2025_Oral methamphetamine","yes",NA,"Kumar Lab","yes","Nrsn1",NA,"OM5: 4 days 20mg-L,  3 days 40mg-L,  4 days 80mg-L oral methamphetamine position swap every 2-3 days skip weekend work",0.00818910078581602,5.37000274658203,1.84999847412109,0.743767559528351,6,5.3700027465821,1.84999847412109,0.743767567681808,0.00818910078581613,"eligible",FALSE,TRUE
37369,"Oral methamphetamine","SUC0217","039589","B6NJ-Pcdh9+/- Cyfip2-S968F<J>","M",2024-12-02,2024-07-25,"Fionna",130,18.5714285714286,NA,26.7999992370605,97.9000015258789,78.3000030517578,96.9000015258789,72.3000030517578,2,NA,NA,NA,NA,NA,NA,"day 13-15 Methamphetamine drinking","20","Methamphetamine Drinking","mg_L",NA,NA,NA,NA,NA,NA,NA,NA,NA,NA,NA,NA,353974.291501808,"039589_12/2/2024_Oral methamphetamine","039589_12/2/2024_Oral methamphetamine","yes",NA,"Kumar Lab","yes","Pcdh9",NA,"OM5: 4 days 20mg-L,  3 days 40mg-L,  4 days 80mg-L oral methamphetamine position swap every 2-3 days skip weekend work",0.000373134338980556,1,6,0.142857149243355,2,1,6,0.142857142857143,0.000373134338980557,"eligible",FALSE,TRUE
37514,"Oral methamphetamine","SUC0217A","039292","B6NJ-Pcdh9+/- Cyfip2-S968F<J>","F",2024-12-07,2024-07-17,"Fionna",143,20.4285714285714,NA,22.8571428571429,95.3000030517578,75.8000030517578,90,73.5,2,NA,NA,NA,NA,NA,NA,"day 20-22 Methamphetamine Drinking","80","Methamphetamine Drinking","mg_L",NA,NA,NA,NA,NA,NA,NA,NA,NA,NA,NA,NA,NA,"039292_12/7/2024_Oral methamphetamine","039292_12/7/2024_Oral methamphetamine","yes",NA,"Kumar Lab","yes","Pcdh9",NA,"OM5: 4 days 20mg-L,  3 days 40mg-L,  4 days 80mg-L oral methamphetamine position swap every 2-3 days skip weekend work",NA,5.30000305175781,2.30000305175781,0.697368264198303,5,5.3000030517578,2.3000030517578,0.697368262547333,0.00927500534057615,"eligible",FALSE,TRUE
37513,"Oral methamphetamine","SUC0217","039295","B6NJ-Pcdh9+/- Cyfip2-S968F<J>","M",2024-12-07,2024-07-17,"Fionna",143,20.4285714285714,NA,29.2999992370605,100.800003051758,84.8000030517578,97.4000015258789,83.4000015258789,2,NA,NA,NA,NA,NA,NA,"day 20-22 Methamphetamine Drinking","80","Methamphetamine Drinking","mg_L",NA,NA,NA,NA,NA,NA,NA,NA,NA,NA,NA,NA,NA,"039295_12/7/2024_Oral methamphetamine","039295_12/7/2024_Oral methamphetamine","yes",NA,"Kumar Lab","yes","Pcdh9",NA,"OM5: 4 days 20mg-L,  3 days 40mg-L,  4 days 80mg-L oral methamphetamine position swap every 2-3 days skip weekend work",NA,3.40000152587891,1.40000152587891,0.708333194255829,5,3.40000152587909,1.40000152587889,0.708333200878665,0.00464164042923053,"eligible",FALSE,TRUE
40957,"Oral methamphetamine","SUC0251","044777","B6NJ-Pcdh9+/- Cyfip2-S968F<J>","F",2025-03-03,2024-12-06,"Fionna",87,12.4285714285714,NA,17.9222219255236,97.6999969482422,85.8000030517578,92.0999984741211,82.4000015258789,2,NA,NA,NA,NA,NA,NA,"day 20-22 Methamphetamine Drinking","80","Methamphetamine Drinking","mg_L",NA,NA,NA,NA,NA,NA,NA,NA,NA,NA,NA,NA,NA,"044777_3/3/2025_Oral methamphetamine","044777_3/3/2025_Oral methamphetamine","yes",NA,"Kumar Lab","yes","Pcdh9",NA,"OM5: 4 days 20mg-L,  3 days 40mg-L,  4 days 80mg-L oral methamphetamine position swap every 2-3 days skip weekend work",NA,5.59999847412109,3.40000152587891,0.622222065925598,5,5.59999847412111,3.40000152587889,0.622222052680123,0.0124984468943463,"eligible",TRUE,FALSE
41007,"Oral methamphetamine","SUC0251","044778","B6NJ-Pcdh9+/- Cyfip2-S968F<J>","F",2025-03-05,2024-12-06,"Fionna",89,12.7142857142857,NA,21.5,95.0999984741211,84.5,87.9000015258789,77.6999969482422,2,NA,NA,NA,NA,NA,NA,"day 22-24 Methamphetamine Drinking","80","Methamphetamine Drinking","mg_L",NA,NA,NA,NA,NA,NA,NA,NA,NA,NA,NA,NA,388804.187863372,"044778_3/5/2025_Oral methamphetamine","044778_3/5/2025_Oral methamphetamine","yes",NA,"Kumar Lab","yes","Pcdh9",NA,"OM5: 4 days 20mg-L,  3 days 40mg-L,  4 days 80mg-L oral methamphetamine position swap every 2-3 days skip weekend work",0.0133953431595203,7.19999694824219,6.80000305175781,0.514285504817963,6,7.19999694824219,6.8000030517578,0.514285496303014,0.0133953431595203,"eligible",TRUE,FALSE
40956,"Oral methamphetamine","SUC0251","045062","B6NJ-Pcdh9+/- Cyfip2-S968F<J>","F",2025-03-03,2024-12-08,"Fionna",85,12.1428571428571,NA,19.8111112382677,97.6999969482422,94.1999969482422,89.0999984741211,75.8000030517578,2,NA,NA,NA,NA,NA,NA,"day 20-22 Methamphetamine Drinking","80","Methamphetamine Drinking","mg_L",NA,NA,NA,NA,NA,NA,NA,NA,NA,NA,NA,NA,NA,"045062_3/3/2025_Oral methamphetamine","045062_3/3/2025_Oral methamphetamine","yes",NA,"Kumar Lab","yes","Pcdh9",NA,"OM5: 4 days 20mg-L,  3 days 40mg-L,  4 days 80mg-L oral methamphetamine position swap every 2-3 days skip weekend work",NA,8.59999847412109,18.3999938964844,0.318518549203873,5,8.59999847412111,18.3999938964844,0.318518552008326,0.0173639900774655,"eligible",TRUE,FALSE
43355,"Oral methamphetamine","SUC0280","047468","B6NJ-Pcdh9+/- Cyfip2-S968F<J>","F",2025-05-07,2025-02-11,"Fionna",85,12.1428571428571,NA,20.2000007629395,96,94.8000030517578,90.9000015258789,92.9000015258789,2,NA,NA,NA,NA,NA,NA,"day 22-24 Methamphetamine Drinking","80","Methamphetamine Drinking","mg_L",NA,NA,NA,NA,NA,NA,NA,NA,NA,NA,NA,NA,432000.003021542,"047468_5/7/2025_Oral methamphetamine","047468_5/7/2025_Oral methamphetamine","yes",NA,"Kumar Lab","yes","Pcdh9",NA,"OM5: 4 days 20mg-L,  3 days 40mg-L,  4 days 80mg-L oral methamphetamine position swap every 2-3 days skip weekend work",0.0100990064980155,5.09999847412109,1.90000152587891,0.728571236133575,6,5.09999847412109,1.90000152587889,0.728571210588729,0.0100990064980155,"eligible",FALSE,TRUE
43310,"Oral methamphetamine","SUC0280","047469","B6NJ-Pcdh9+/- Cyfip2-S968F<J>","F",2025-05-05,2025-02-11,"Fionna",83,11.8571428571429,NA,20.1111113230387,102.400001525879,96,100,100,2,NA,NA,NA,NA,NA,NA,"day 20-22 Methamphetamine Drinking","80","Methamphetamine Drinking","mg_L",NA,NA,NA,NA,NA,NA,NA,NA,NA,NA,NA,NA,NA,"047469_5/5/2025_Oral methamphetamine","047469_5/5/2025_Oral methamphetamine","yes",NA,"Kumar Lab","yes","Pcdh9",NA,"OM5: 4 days 20mg-L,  3 days 40mg-L,  4 days 80mg-L oral methamphetamine position swap every 2-3 days skip weekend work",NA,2.40000152587891,-4,-1.50000238418579,5,2.40000152587901,-4,-1.50000238418822,0.0047734836475787,"eligible",FALSE,TRUE
30465,"Oral methamphetamine","SUC0127","032516","B6NJ-Pdzd8-/- Cyfip2-S968F<J>","M",2024-04-19,2023-12-24,"Orianna",117,16.7142857142857,NA,19.3666672176785,69.8000030517578,79.6999969482422,62.9000015258789,77.4000015258789,3,NA,NA,NA,NA,NA,NA,"day 17-20 Methamphetamine Drinking","40","Methamphetamine Drinking","mg_L",NA,NA,NA,NA,NA,NA,NA,NA,NA,NA,NA,NA,NA,"032516_4/19/2024_Oral methamphetamine","032516_4/19/2024_Oral methamphetamine","yes",NA,"Kumar Lab","yes","Pdzd8",NA,"OM5: 4 days 20mg-L,  3 days 40mg-L,  4 days 80mg-L oral methamphetamine position swap every 2-3 days skip weekend work",NA,6.90000152587891,2.29999542236328,0.750000417232513,4,6.9000015258789,2.2999954223633,0.750000414641143,0.00475043120796083,"eligible",TRUE,FALSE
37491,"Oral methamphetamine","SUC0225","039691","B6NJ-Pdzd8-/- Cyfip2-S968F<J>","M",2024-12-06,2024-08-01,"Fionna",127,18.1428571428571,NA,20.071428843907,98.3000030517578,89.5999984741211,90.5999984741211,85.1999969482422,3,NA,NA,NA,NA,NA,NA,"day 17-20 Methamphetamine Drinking","40","Methamphetamine Drinking","mg_L",NA,NA,NA,NA,NA,NA,NA,NA,NA,NA,NA,NA,NA,"039691_12/6/2024_Oral methamphetamine","039691_12/6/2024_Oral methamphetamine","yes",NA,"Kumar Lab","yes","Pdzd8",NA,"OM5: 4 days 20mg-L,  3 days 40mg-L,  4 days 80mg-L oral methamphetamine position swap every 2-3 days skip weekend work",NA,7.70000457763672,4.40000152587891,0.636363685131073,4,7.7000045776367,4.40000152587889,0.636363693684378,0.00511506821463729,"eligible",TRUE,FALSE
25946,"Oral methamphetamine","SUC0070","A000030","B6NJ-Pdzd8-/- Cyfip2-S968F<J>","F",2023-12-17,2023-09-26,"Marina_Misty",82,11.7142857142857,"black",17.2999992370605,80.8000030517578,74.3000030517578,75.3000030517578,72,2,NA,NA,NA,NA,NA,NA,"Day 7-9","40","Methamphetamine drinking","mg_L",NA,NA,NA,NA,NA,NA,NA,NA,NA,NA,NA,NA,351690.202467823,"A000030_12/17/2023_Oral methamphetamine","A000030_12/17/2023_Oral methamphetamine","yes","black","Kumar Lab","yes","Pdzd8",NA,"OM4: 4 days 20mg-L,  4 days 40mg-L,  4 days 80mg-L oral methamphetamine position swap every 2 days",0.00635838178329828,5.5,2.30000305175781,0.705127954483032,4,5.5,2.3000030517578,0.705127929246198,0.0063583817832983,"eligible",TRUE,FALSE
30570,"Oral methamphetamine","SUC0132","032863","B6NJ-Pdzd8-/- Cyfip2-S968F<J>","M",2024-04-24,2024-01-02,"Orianna",113,16.1428571428571,NA,24.7999992370605,65.1999969482422,62.2999992370605,63.5,73.5,2,NA,NA,NA,NA,NA,NA,"day 22-24 Methamphetamine Drinking","80","Methamphetamine Drinking","mg_L",NA,NA,NA,NA,NA,NA,NA,NA,NA,NA,NA,NA,166943.54170964,"032863_4/24/2024_Oral methamphetamine","032863_4/24/2024_Oral methamphetamine","yes",NA,"Kumar Lab","yes","Pdzd8",NA,"OM5: 4 days 20mg-L,  3 days 40mg-L,  4 days 80mg-L oral methamphetamine position swap every 2-3 days skip weekend work",0.00274193064603285,1.69999694824219,-11.2000007629395,-0.178946971893311,6,1.6999969482422,-11.2000007629395,-0.178946975327753,0.00274193064603287,"eligible",FALSE,TRUE
37538,"Oral methamphetamine","SUC0225","039690","B6NJ-Pdzd8-/- Cyfip2-S968F<J>","M",2024-12-07,2024-08-01,"Fionna",128,18.2857142857143,NA,26.3999996185303,103.199996948242,100.199996948242,99.0999984741211,98.4000015258789,2,NA,NA,NA,NA,NA,NA,"day 20-22 Methamphetamine Drinking","80","Methamphetamine Drinking","mg_L",NA,NA,NA,NA,NA,NA,NA,NA,NA,NA,NA,NA,NA,"039690_12/7/2024_Oral methamphetamine","039690_12/7/2024_Oral methamphetamine","yes",NA,"Kumar Lab","yes","Pdzd8",NA,"OM5: 4 days 20mg-L,  3 days 40mg-L,  4 days 80mg-L oral methamphetamine position swap every 2-3 days skip weekend work",NA,4.09999847412109,1.79999542236328,0.69491571187973,5,4.09999847412091,1.7999954223631,0.694915714500015,0.00621211898994589,"eligible",FALSE,TRUE
37589,"Oral methamphetamine","SUC0225","039691","B6NJ-Pdzd8-/- Cyfip2-S968F<J>","M",2024-12-09,2024-08-01,"Fionna",130,18.5714285714286,NA,20.2000007629395,91.8000030517578,80.8000030517578,86.8000030517578,77.8000030517578,2,NA,NA,NA,NA,NA,NA,"day 22-24 Methamphetamine Drinking","80","Methamphetamine Drinking","mg_L",NA,NA,NA,NA,NA,NA,NA,NA,NA,NA,NA,NA,394467.347608987,"039691_12/9/2024_Oral methamphetamine","039691_12/9/2024_Oral methamphetamine","yes",NA,"Kumar Lab","yes","Pdzd8",NA,"OM5: 4 days 20mg-L,  3 days 40mg-L,  4 days 80mg-L oral methamphetamine position swap every 2-3 days skip weekend work",0.00990098972505665,5,3,0.625,6,5,3,0.625,0.00990098972505663,"eligible",TRUE,TRUE
37447,"Oral methamphetamine","SUC0206","038868","B6NJ-Ppfia2-/- Cyfip2-S968F<J>","M",2024-12-06,2024-07-05,"Fionna",154,22,NA,32.3000003269741,97.6999969482422,83,87.8000030517578,81.5999984741211,3,NA,NA,NA,NA,NA,NA,"day 17-20 Methamphetamine Drinking","40","Methamphetamine Drinking","mg_L",NA,NA,NA,NA,NA,NA,NA,NA,NA,NA,NA,NA,NA,"038868_12/6/2024_Oral methamphetamine","038868_12/6/2024_Oral methamphetamine","yes",NA,"Kumar Lab","yes","Ppfia2",NA,"OM5: 4 days 20mg-L,  3 days 40mg-L,  4 days 80mg-L oral methamphetamine position swap every 2-3 days skip weekend work",NA,9.89999389648438,1.40000152587891,0.876106023788452,4,9.8999938964844,1.40000152587891,0.876106009467205,0.00408668474562081,"eligible",FALSE,TRUE
32758,"Oral methamphetamine","SUC0154","034194","B6NJ-Ppfia2-/- Cyfip2-S968F<J>","F",2024-06-24,2024-02-10,"Orianna",135,19.2857142857143,NA,24.5555559794108,65.6999969482422,68.3000030517578,61.9000015258789,67,2,NA,NA,NA,NA,NA,NA,"bottles are both very dusty around sipper , day 20-22 Methamphetamine Drinking","80","Methamphetamine Drinking","mg_L",NA,NA,NA,NA,NA,NA,NA,NA,NA,NA,NA,NA,NA,"034194_6/24/2024_Oral methamphetamine","034194_6/24/2024_Oral methamphetamine","yes",NA,"Kumar Lab","yes","Ppfia2",NA,"OM5: 4 days 20mg-L,  3 days 40mg-L,  4 days 80mg-L oral methamphetamine position swap every 2-3 days skip weekend work",NA,3.79999542236328,1.30000305175781,0.74509733915329,5,3.7999954223633,1.3000030517578,0.74509736456699,0.00619003768523831,"eligible",FALSE,TRUE
37494,"Oral methamphetamine","SUC0206","038865","B6NJ-Ppfia2-/- Cyfip2-S968F<J>","M",2024-12-07,2024-07-05,"Fionna",155,22.1428571428571,NA,33.0714296613421,95.5,81,90.4000015258789,78.5999984741211,2,NA,NA,NA,NA,NA,NA,"day 20-22 Methamphetamine Drinking","80","Methamphetamine Drinking","mg_L",NA,NA,NA,NA,NA,NA,NA,NA,NA,NA,NA,NA,NA,"038865_12/7/2024_Oral methamphetamine","038865_12/7/2024_Oral methamphetamine","yes",NA,"Kumar Lab","yes","Ppfia2",NA,"OM5: 4 days 20mg-L,  3 days 40mg-L,  4 days 80mg-L oral methamphetamine position swap every 2-3 days skip weekend work",NA,5.09999847412109,2.40000152587891,0.679999768733978,5,5.09999847412109,2.40000152587891,0.679999796549479,0.00616846447383265,"eligible",FALSE,TRUE
37495,"Oral methamphetamine","SUC0206","038867","B6NJ-Ppfia2-/- Cyfip2-S968F<J>","M",2024-12-07,2024-07-05,"Fionna",155,22.1428571428571,NA,36.2285712105887,97,77.0999984741211,90.0999984741211,74.5999984741211,2,NA,NA,NA,NA,NA,NA,"day 20-22 Methamphetamine Drinking","80","Methamphetamine Drinking","mg_L",NA,NA,NA,NA,NA,NA,NA,NA,NA,NA,NA,NA,NA,"038867_12/7/2024_Oral methamphetamine","038867_12/7/2024_Oral methamphetamine","yes",NA,"Kumar Lab","yes","Ppfia2",NA,"OM5: 4 days 20mg-L,  3 days 40mg-L,  4 days 80mg-L oral methamphetamine position swap every 2-3 days skip weekend work",NA,6.90000152587891,2.5,0.734042584896088,5,6.90000152587891,2.5,0.734042596363701,0.00761829826053113,"eligible",FALSE,TRUE
37496,"Oral methamphetamine","SUC0206","038868","B6NJ-Ppfia2-/- Cyfip2-S968F<J>","M",2024-12-07,2024-07-05,"Fionna",155,22.1428571428571,NA,32.2000002179827,96.1999969482422,81.5999984741211,90.3000030517578,80.4000015258789,2,NA,NA,NA,NA,NA,NA,"day 20-22 Methamphetamine Drinking","80","Methamphetamine Drinking","mg_L",NA,NA,NA,NA,NA,NA,NA,NA,NA,NA,NA,NA,NA,"038868_12/7/2024_Oral methamphetamine","038868_12/7/2024_Oral methamphetamine","yes",NA,"Kumar Lab","yes","Ppfia2",NA,"OM5: 4 days 20mg-L,  3 days 40mg-L,  4 days 80mg-L oral methamphetamine position swap every 2-3 days skip weekend work",NA,5.89999389648438,1.19999694824219,0.830986142158508,5,5.8999938964844,1.19999694824219,0.830986127378817,0.00732918491496089,"eligible",FALSE,TRUE
37545,"Oral methamphetamine","SUC0206","038868","B6NJ-Ppfia2-/- Cyfip2-S968F<J>","M",2024-12-09,2024-07-05,"Fionna",157,22.4285714285714,NA,32,90.3000030517578,80.4000015258789,84.5999984741211,78.8000030517578,2,NA,NA,NA,NA,NA,NA,"day 22-24 Methamphetamine Drinking","80","Methamphetamine Drinking","mg_L",NA,NA,NA,NA,NA,NA,NA,NA,NA,NA,NA,NA,238730.621337891,"038868_12/9/2024_Oral methamphetamine","038868_12/9/2024_Oral methamphetamine","yes",NA,"Kumar Lab","yes","Ppfia2",NA,"OM5: 4 days 20mg-L,  3 days 40mg-L,  4 days 80mg-L oral methamphetamine position swap every 2-3 days skip weekend work",0.0071250057220459,5.70000457763672,1.59999847412109,0.780822217464447,6,5.7000045776367,1.59999847412111,0.780822218459781,0.00712500572204588,"eligible",FALSE,TRUE
28199,"Oral methamphetamine","SUC0098","031371","B6NJ-Ptpru-/- Cyfip2-S968F<J>","F",2024-02-19,2023-11-19,"Misty",92,13.1428571428571,NA,21.2000007629395,82.6999969482422,82.6999969482422,73.5999984741211,81.4000015258789,2,NA,NA,NA,NA,NA,NA,"Days 1-3","20","methamphetamine drinking","mg_L",NA,NA,NA,NA,NA,NA,NA,NA,NA,NA,NA,NA,287109.410731859,"031371_2/19/2024_Oral methamphetamine","031371_2/19/2024_Oral methamphetamine","yes",NA,"Kumar Lab","yes","Ptpru",NA,"OM4: 4 days 20mg-L,  4 days 40mg-L,  4 days 80mg-L oral methamphetamine position swap every 2 days",0.00429245195595896,9.09999847412109,1.29999542236328,0.875000357627869,1,9.09999847412111,1.2999954223633,0.875000366798028,0.00429245195595896,"eligible",TRUE,FALSE
21501,"Oral methamphetamine","SUC0051","024834","B6NJ-Ptpru-/- Cyfip2-S968F<J>","M",2023-09-17,2023-06-24,"Marina",85,12.1428571428571,NA,25.2999992370605,80.1999969482422,71.4000015258789,75.8000030517578,70.1999969482422,2,NA,NA,NA,NA,NA,NA,"Day 7-9","40","Methamphetamine drinking","mg_L",NA,NA,NA,NA,NA,NA,NA,NA,NA,NA,NA,NA,240283.017374363,"024834_9/17/2023_Oral methamphetamine","024834_9/17/2023_Oral methamphetamine","yes",NA,"Kumar Lab","yes","Ptpru",NA,"OM4: 4 days 20mg-L,  4 days 40mg-L,  4 days 80mg-L oral methamphetamine position swap every 2 days",0.00347825614954096,4.39999389648438,1.20000457763672,0.78571343421936,4,4.3999938964844,1.2000045776367,0.785713409890698,0.00347825614954099,"eligible",FALSE,TRUE
23767,"Oral methamphetamine","SUC0065","026497","B6NJ-Ptpru-/- Cyfip2-S968F<J>","F",2023-11-10,2023-08-02,"Marina_Misty",100,14.2857142857143,NA,24.7999992370605,83.5,83.6999969482422,78.5,82.8000030517578,2,NA,NA,NA,NA,NA,NA,"Day 5-7","40","Methamphetamine Drinking","mg_L",NA,NA,NA,NA,NA,NA,NA,NA,NA,NA,NA,NA,264304.44361485,"026497_11/10/2023_Oral methamphetamine","026497_11/10/2023_Oral methamphetamine","yes",NA,"Kumar Lab","yes","Ptpru",NA,"OM4: 4 days 20mg-L,  4 days 40mg-L,  4 days 80mg-L oral methamphetamine position swap every 2 days",0.00403225818856326,5,0.899993896484375,0.847458481788635,3,5,0.899993896484403,0.847458503809525,0.00403225818856327,"eligible",TRUE,TRUE
28296,"Oral methamphetamine","SUC0098","031194","B6NJ-Ptpru-/- Cyfip2-S968F<J>","F",2024-02-23,2023-11-21,"Misty",94,13.4285714285714,NA,25.7000007629395,82.9000015258789,77.0999984741211,79.3000030517578,75.9000015258789,2,NA,NA,NA,NA,NA,NA,"Days 5-7","40","methamphetamine drinking","mg_L",NA,NA,NA,NA,NA,NA,NA,NA,NA,NA,NA,NA,255796.498820487,"031194_2/23/2024_Oral methamphetamine","031194_2/23/2024_Oral methamphetamine","yes",NA,"Kumar Lab","yes","Ptpru",NA,"OM4: 4 days 20mg-L,  4 days 40mg-L,  4 days 80mg-L oral methamphetamine position swap every 2 days",0.00280155514961109,3.59999847412109,1.19999694824219,0.750000417232513,3,3.59999847412111,1.19999694824219,0.750000397364678,0.00280155514961109,"eligible",FALSE,TRUE
20245,"Oral methamphetamine","SUC0047","023300","B6NJ-Ptpru-/- Cyfip2-S968F<J>","F",2023-08-17,2023-05-13,"Marina",96,13.7142857142857,NA,22.5,80.5,66.0999984741211,77.8000030517578,62.5999984741211,2,NA,NA,NA,NA,NA,NA,"Day 11-13","80","Methamphetamine drinking","mg_L",NA,NA,NA,NA,NA,NA,NA,NA,NA,NA,NA,NA,278351.128472222,"023300_8/17/2023_Oral methamphetamine","023300_8/17/2023_Oral methamphetamine","yes",NA,"Kumar Lab","yes","Ptpru",NA,"OM4: 4 days 20mg-L,  4 days 40mg-L,  4 days 80mg-L oral methamphetamine position swap every 2 days",0.00479999457465278,2.69999694824219,3.5,0.435483604669571,6,2.6999969482422,3.49999999999999,0.435483593102041,0.0047999945746528,"eligible",TRUE,FALSE
21535,"Oral methamphetamine","SUC0051","024834","B6NJ-Ptpru-/- Cyfip2-S968F<J>","M",2023-09-21,2023-06-24,"Marina",89,12.7142857142857,NA,25.1000003814697,80.6999969482422,78.4000015258789,77,77.1999969482422,2,NA,NA,NA,NA,NA,NA,"Day 11-13","80","Methamphetamine drinking","mg_L",NA,NA,NA,NA,NA,NA,NA,NA,NA,NA,NA,NA,247565.729398602,"024834_9/21/2023_Oral methamphetamine","024834_9/21/2023_Oral methamphetamine","yes",NA,"Kumar Lab","yes","Ptpru",NA,"OM4: 4 days 20mg-L,  4 days 40mg-L,  4 days 80mg-L oral methamphetamine position swap every 2 days",0.00589640938965681,3.69999694824219,1.20000457763672,0.755101203918457,6,3.6999969482422,1.2000045776367,0.755101182867191,0.00589640938965683,"eligible",TRUE,TRUE
48271,"Oral methamphetamine","SUC0332","051025","B6NJ-Rap2b-/- Cyfip2-S968F<J>","M",2025-09-06,2025-05-06,"Fionna",123,17.5714285714286,NA,24.6342855181013,92.6100006103516,92.2099990844727,89.6900024414063,93.5800018310547,2,NA,NA,NA,NA,NA,NA,"day 20-22 Methamphetamine Drinking","80","Methamphetamine Drinking","mg_L",NA,NA,NA,NA,NA,NA,NA,NA,NA,NA,NA,NA,NA,"051025_9/6/2025_Oral methamphetamine","051025_9/6/2025_Oral methamphetamine","yes",NA,"Kumar Lab","yes","Rap2b",NA,"OM5: 4 days 20mg-L,  3 days 40mg-L,  4 days 80mg-L oral methamphetamine position swap every 2-3 days skip weekend work",NA,2.91999816894531,-1.37000274658203,1.88387537002563,5,2.9199981689453,-1.370002746582,1.88387535009177,0.00474135637796303,"eligible",FALSE,TRUE
48342,"Oral methamphetamine","SUC0340","051734","B6NJ-Rbm4b-/- Cyfip2-S968F<J>","F",2025-09-08,2025-05-25,"Fionna",106,15.1428571428571,NA,19.7999992370605,95.4899978637695,83.620002746582,89.1999969482422,78.9000015258789,2,NA,NA,NA,NA,NA,NA,"day 22-24 Methamphetamine Drinking","80","Methamphetamine Drinking","mg_L",NA,NA,NA,NA,NA,NA,NA,NA,NA,NA,NA,NA,430187.240376607,"051734_9/8/2025_Oral methamphetamine","051734_9/8/2025_Oral methamphetamine","yes",NA,"Kumar Lab","yes","Rbm4b",NA,"OM5: 4 days 20mg-L,  3 days 40mg-L,  4 days 80mg-L oral methamphetamine position swap every 2-3 days skip weekend work",0.0127070730462536,6.29000091552734,4.72000122070313,0.571298778057098,6,6.2900009155273,4.7200012207031,0.571298791562348,0.0127070730462535,"eligible",TRUE,TRUE
48291,"Oral methamphetamine","SUC0340","052144","B6NJ-Rbm4b-/- Cyfip2-S968F<J>","F",2025-09-06,2025-05-30,"Fionna",99,14.1428571428571,NA,22.2657143729074,95.7900009155273,95.3899993896484,89.3499984741211,93.3099975585938,2,NA,NA,NA,NA,NA,NA,"day 20-22 Methamphetamine Drinking","80","Methamphetamine Drinking","mg_L",NA,NA,NA,NA,NA,NA,NA,NA,NA,NA,NA,NA,NA,"052144_9/6/2025_Oral methamphetamine","052144_9/6/2025_Oral methamphetamine","yes",NA,"Kumar Lab","yes","Rbm4b",NA,"OM5: 4 days 20mg-L,  3 days 40mg-L,  4 days 80mg-L oral methamphetamine position swap every 2-3 days skip weekend work",NA,6.44000244140625,2.08000183105469,0.755868434906006,5,6.44000244140621,2.08000183105459,0.755868452111253,0.0115693614560013,"eligible",TRUE,TRUE
51076,"Oral methamphetamine","SUC0384","055899","B6NJ-Rbm4b-/- Cyfip2-S968F<J>","F",2025-12-27,2025-09-27,"Fionna",91,13,NA,18.8757138933454,92.0699996948242,81.1500015258789,88,78.1999969482422,2,NA,NA,NA,NA,NA,NA,"day 20-22 Methamphetamine Drinking","80","Methamphetamine Drinking","mg_L",NA,NA,NA,NA,NA,NA,NA,NA,NA,NA,NA,NA,NA,"055899_12/27/2025_Oral methamphetamine","055899_12/27/2025_Oral methamphetamine","yes",NA,"Kumar Lab","yes","Rbm4b",NA,"OM5: 4 days 20mg-L,  3 days 40mg-L,  4 days 80mg-L oral methamphetamine position swap every 2-3 days skip weekend work",NA,4.06999969482422,2.95000457763672,0.57977169752121,5,4.0699996948242,2.9500045776367,0.579771683443355,0.00862483870611977,"eligible",FALSE,TRUE
51126,"Oral methamphetamine","SUC0384","055900","B6NJ-Rbm4b-/- Cyfip2-S968F<J>","F",2025-12-29,2025-09-27,"Fionna",93,13.2857142857143,NA,18.75,99.6100006103516,85.4199981689453,93.5500030517578,82.7099990844727,2,NA,NA,NA,NA,NA,NA,"day 22-24 Methamphetamine Drinking","80","Methamphetamine Drinking","mg_L",NA,NA,NA,NA,NA,NA,NA,NA,NA,NA,NA,NA,496987.5,"055900_12/29/2025_Oral methamphetamine","055900_12/29/2025_Oral methamphetamine","yes",NA,"Kumar Lab","yes","Rbm4b",NA,"OM5: 4 days 20mg-L,  3 days 40mg-L,  4 days 80mg-L oral methamphetamine position swap every 2-3 days skip weekend work",0.0129279947916667,6.05999755859375,2.70999908447266,0.690991997718811,6,6.05999755859381,2.7099990844726,0.69099200435668,0.0129279947916668,"eligible",TRUE,TRUE
51078,"Oral methamphetamine","SUC0384","055901","B6NJ-Rbm4b-/- Cyfip2-S968F<J>","M",2025-12-27,2025-09-27,"Fionna",91,13,NA,21.7514291490827,92.9300003051758,87.629997253418,86.4700012207031,85.870002746582,2,NA,NA,NA,NA,NA,NA,"day 20-22 Methamphetamine Drinking","80","Methamphetamine Drinking","mg_L",NA,NA,NA,NA,NA,NA,NA,NA,NA,NA,NA,NA,NA,"055901_12/27/2025_Oral methamphetamine","055901_12/27/2025_Oral methamphetamine","yes",NA,"Kumar Lab","yes","Rbm4b",NA,"OM5: 4 days 20mg-L,  3 days 40mg-L,  4 days 80mg-L oral methamphetamine position swap every 2-3 days skip weekend work",NA,6.45999908447266,1.75999450683594,0.78588855266571,5,6.4599990844727,1.75999450683599,0.785888579195864,0.0118796774964924,"eligible",TRUE,TRUE
51127,"Oral methamphetamine","SUC0384","055901","B6NJ-Rbm4b-/- Cyfip2-S968F<J>","M",2025-12-29,2025-09-27,"Fionna",93,13.2857142857143,NA,21.6200008392334,86.4700012207031,85.870002746582,79.4499969482422,83.8000030517578,2,NA,NA,NA,NA,NA,NA,"day 22-24 Methamphetamine Drinking","80","Methamphetamine Drinking","mg_L",NA,NA,NA,NA,NA,NA,NA,NA,NA,NA,NA,NA,317763.239464788,"055901_12/29/2025_Oral methamphetamine","055901_12/29/2025_Oral methamphetamine","yes",NA,"Kumar Lab","yes","Rbm4b",NA,"OM5: 4 days 20mg-L,  3 days 40mg-L,  4 days 80mg-L oral methamphetamine position swap every 2-3 days skip weekend work",0.0129879814985425,7.02000427246094,2.06999969482422,0.772277355194092,6,7.02000427246089,2.0699996948242,0.772277360683876,0.0129879814985425,"eligible",TRUE,TRUE
50193,"Oral methamphetamine","SUC0370","055533","B6NJ-Rimklb-/- Cyfip2-S968F<J>","F",2025-11-26,2025-09-08,"Fionna",79,11.2857142857143,NA,19.6544450124105,92.4899978637695,94.2099990844727,83.879997253418,91.5699996948242,2,NA,NA,NA,NA,NA,NA,"day 15-17 Methamphetamine Drinking","20","Methamphetamine Drinking","mg_L",NA,NA,NA,NA,NA,NA,NA,NA,NA,NA,NA,NA,NA,"055533_11/26/2025_Oral methamphetamine","055533_11/26/2025_Oral methamphetamine","yes",NA,"Kumar Lab","no","Rimklb",NA,"OM5: 4 days 20mg-L,  3 days 40mg-L,  4 days 80mg-L oral methamphetamine position swap every 2-3 days skip weekend work",NA,8.61000061035156,2.63999938964844,0.765333414077759,3,8.61000061035151,2.63999938964849,0.7653333875868,0.00438068874746393,"eligible",TRUE,FALSE
44404,"Oral methamphetamine","SUC0290","048398","B6NJ-Rimklb-/- Cyfip2-S968F<J>","M",2025-06-04,2025-03-02,"Fionna",94,13.4285714285714,NA,22.7999992370605,92,79.9000015258789,89.9000015258789,87.9000015258789,2,NA,NA,NA,NA,NA,NA,"day 22-24 Methamphetamine Drinking","80","Methamphetamine Drinking","mg_L",NA,NA,NA,NA,NA,NA,NA,NA,NA,NA,NA,NA,362754.389537155,"048398_6/4/2025_Oral methamphetamine","048398_6/4/2025_Oral methamphetamine","yes",NA,"Kumar Lab","no","Rimklb",NA,"OM5: 4 days 20mg-L,  3 days 40mg-L,  4 days 80mg-L oral methamphetamine position swap every 2-3 days skip weekend work",0.00368420797261717,2.09999847412109,-8,-0.355931848287582,6,2.09999847412109,-8,-0.35593185271393,0.00368420797261717,"eligible",FALSE,TRUE
48347,"Oral methamphetamine","SUC0342","052161","B6NJ-Rimklb-/- Cyfip2-S968F<J>","F",2025-09-08,2025-05-31,"Fionna",100,14.2857142857143,NA,20,97.7900009155273,93.1999969482422,91.6999969482422,90.8000030517578,2,NA,NA,NA,NA,NA,NA,"day 22-24 Methamphetamine Drinking","80","Methamphetamine Drinking","mg_L",NA,NA,NA,NA,NA,NA,NA,NA,NA,NA,NA,NA,448367.138671875,"052161_9/8/2025_Oral methamphetamine","052161_9/8/2025_Oral methamphetamine","yes",NA,"Kumar Lab","no","Rimklb",NA,"OM5: 4 days 20mg-L,  3 days 40mg-L,  4 days 80mg-L oral methamphetamine position swap every 2-3 days skip weekend work",0.0121800079345703,6.09000396728516,2.39999389648438,0.717315137386322,6,6.0900039672851,2.3999938964844,0.71731513541055,0.0121800079345702,"eligible",TRUE,TRUE
52550,"Oral methamphetamine","SUC0417","057382","B6NJ-Rimklb-/- Cyfip2-S968F<J>","F",2026-02-25,2025-11-21,"Fionna",96,13.7142857142857,NA,20.3099994659424,93.1999969482422,89.370002746582,82.1699981689453,91.9199981689453,2,NA,NA,NA,NA,NA,NA,"day 22-24 Methamphetamine Drinking","80","Methamphetamine Drinking","mg_L",NA,NA,NA,NA,NA,NA,NA,NA,NA,NA,NA,NA,377067.644200866,"057382_2/25/2026_Oral methamphetamine","057382_2/25/2026_Oral methamphetamine","yes",NA,"Kumar Lab","no","Rimklb",NA,"OM5: 4 days 20mg-L,  3 days 40mg-L,  4 days 80mg-L oral methamphetamine position swap every 2-3 days skip weekend work",0.0217232871872655,11.0299987792969,-2.54999542236328,1.30070686340332,6,11.0299987792969,-2.5499954223633,1.30070688831489,0.0217232871872655,"eligible",TRUE,TRUE
39991,"Oral methamphetamine","SUC0230","041007","B6NJ-Rnf25-/- Cyfip2-S968F<J>","M",2025-01-27,2024-08-30,"Fionna",150,21.4285714285714,NA,27.8999996185303,103.400001525879,93.5,95.5999984741211,91.4000015258789,2,NA,NA,NA,NA,NA,NA,"day 13-15 Methamphetamine drinking","20","Methamphetamine Drinking","mg_L",NA,NA,NA,NA,NA,NA,NA,NA,NA,NA,NA,NA,354302.515204953,"041007_1/27/2025_Oral methamphetamine","041007_1/27/2025_Oral methamphetamine","yes",NA,"Kumar Lab","yes","Rnf25",NA,"OM5: 4 days 20mg-L,  3 days 40mg-L,  4 days 80mg-L oral methamphetamine position swap every 2-3 days skip weekend work",0.0027957000567761,7.80000305175781,2.09999847412109,0.78787899017334,2,7.80000305175791,2.09999847412109,0.787878974702013,0.00279570005677613,"eligible",TRUE,FALSE
42136,"Oral methamphetamine","SUC0258","045211","B6NJ-Rnf25-/- Cyfip2-S968F<J>","F",2025-04-02,2024-12-17,"Fionna",106,15.1428571428571,NA,24.2999992370605,90.3000030517578,94.9000015258789,82.6999969482422,90.5999984741211,2,NA,NA,NA,NA,NA,NA,"day 15-17 Methamphetamine Drinking","20","Methamphetamine Drinking","mg_L",NA,NA,NA,NA,NA,NA,NA,NA,NA,NA,NA,NA,NA,"045211_4/2/2025_Oral methamphetamine","045211_4/2/2025_Oral methamphetamine","yes",NA,"Kumar Lab","yes","Rnf25",NA,"OM5: 4 days 20mg-L,  3 days 40mg-L,  4 days 80mg-L oral methamphetamine position swap every 2-3 days skip weekend work",NA,7.60000610351563,4.30000305175781,0.638655483722687,3,7.6000061035156,4.30000305175781,0.638655483735297,0.0031275746263912,"eligible",TRUE,FALSE
40181,"Oral methamphetamine","SUC0230A","041004","B6NJ-Rnf25-/- Cyfip2-S968F<J>","F",2025-02-05,2024-08-30,"Fionna",159,22.7142857142857,NA,30.5,92.9000015258789,99.6999969482422,88,95.4000015258789,2,NA,NA,NA,NA,NA,NA,"day 22-24 Methamphetamine Drinking","80","Methamphetamine Drinking","mg_L",NA,NA,NA,NA,NA,NA,NA,NA,NA,NA,NA,NA,268039.350665984,"041004_2/5/2025_Oral methamphetamine","041004_2/5/2025_Oral methamphetamine","yes",NA,"Kumar Lab","yes","Rnf25",NA,"OM5: 4 days 20mg-L,  3 days 40mg-L,  4 days 80mg-L oral methamphetamine position swap every 2-3 days skip weekend work",0.00642623150934938,4.90000152587891,4.29999542236328,0.532609045505524,6,4.90000152587891,4.2999954223633,0.532609038181814,0.00642623150934938,"eligible",TRUE,FALSE
40179,"Oral methamphetamine","SUC0230","041007","B6NJ-Rnf25-/- Cyfip2-S968F<J>","M",2025-02-05,2024-08-30,"Fionna",159,22.7142857142857,NA,25,95.9000015258789,96.0999984741211,90.6999969482422,94.4000015258789,2,NA,NA,NA,NA,NA,NA,"day 22-24 Methamphetamine Drinking","80","Methamphetamine Drinking","mg_L",NA,NA,NA,NA,NA,NA,NA,NA,NA,NA,NA,NA,347925.1953125,"041007_2/5/2025_Oral methamphetamine","041007_2/5/2025_Oral methamphetamine","yes",NA,"Kumar Lab","yes","Rnf25",NA,"OM5: 4 days 20mg-L,  3 days 40mg-L,  4 days 80mg-L oral methamphetamine position swap every 2-3 days skip weekend work",0.00832000732421875,5.20000457763672,1.69999694824219,0.75362366437912,6,5.2000045776367,1.69999694824219,0.753623685173657,0.00832000732421873,"eligible",TRUE,TRUE
46803,"Oral methamphetamine","SUC0322","050047","B6NJ-Rnf25-/- Cyfip2-S968F<J>","M",2025-08-11,2025-04-12,"Fionna",121,17.2857142857143,NA,28.1499996185303,98.0999984741211,80.1900024414063,91.3300018310547,78.2600021362305,2,NA,NA,NA,NA,NA,NA,"day 22-24 Methamphetamine Drinking","80","Methamphetamine Drinking","mg_L",NA,NA,NA,NA,NA,NA,NA,NA,NA,NA,NA,NA,318276.119988018,"050047_8/11/2025_Oral methamphetamine","050047_8/11/2025_Oral methamphetamine","yes",NA,"Kumar Lab","yes","Rnf25",NA,"OM5: 4 days 20mg-L,  3 days 40mg-L,  4 days 80mg-L oral methamphetamine position swap every 2-3 days skip weekend work",0.00961988878836066,6.76999664306641,1.93000030517578,0.778160810470581,6,6.76999664306639,1.93000030517581,0.778160806646517,0.00961988878836063,"eligible",TRUE,TRUE
37421,"Oral methamphetamine","SUC0218","039601","B6NJ-Safb2-/- Cyfip2-S968F<J>","M",2024-12-04,2024-07-17,"Fionna",140,20,NA,29.7428569793701,97.6999969482422,100,85.1999969482422,97,2,NA,NA,NA,NA,NA,NA,"day 15-17 Methamphetamine Drinking","20","Methamphetamine Drinking","mg_L",NA,NA,NA,NA,NA,NA,NA,NA,NA,NA,NA,NA,NA,"039601_12/4/2024_Oral methamphetamine","039601_12/4/2024_Oral methamphetamine","yes",NA,"Kumar Lab","yes","Safb2",NA,"OM5: 4 days 20mg-L,  3 days 40mg-L,  4 days 80mg-L oral methamphetamine position swap every 2-3 days skip weekend work",NA,12.5,3,0.806451618671417,3,12.5,3,0.806451612903226,0.00420268974452256,"eligible",TRUE,FALSE
48122,"Oral methamphetamine","SUC0328","050671","B6NJ-Safb2-/- Cyfip2-S968F<J>","F",2025-09-01,2025-04-29,"Fionna",125,17.8571428571429,NA,22.0900001525879,83.0500030517578,85.0699996948242,77.3499984741211,93.4899978637695,2,NA,NA,NA,NA,NA,NA,"day 13-15 Methamphetamine drinking","20","Methamphetamine Drinking","mg_L",NA,NA,NA,NA,NA,NA,NA,NA,NA,NA,NA,NA,290806.583797881,"050671_9/1/2025_Oral methamphetamine","050671_9/1/2025_Oral methamphetamine","yes",NA,"Kumar Lab","yes","Safb2",NA,"OM5: 4 days 20mg-L,  3 days 40mg-L,  4 days 80mg-L oral methamphetamine position swap every 2-3 days skip weekend work",0.00258035515539322,5.70000457763672,-8.41999816894531,-2.09559488296509,2,5.7000045776367,-8.4199981689453,-2.09559485575641,0.00258035515539321,"eligible",FALSE,TRUE
48218,"Oral methamphetamine","SUC0328","050671","B6NJ-Safb2-/- Cyfip2-S968F<J>","F",2025-09-05,2025-04-29,"Fionna",129,18.4285714285714,NA,22.8957143511091,96.5800018310547,82.3499984741211,90.1900024414063,77.9199981689453,3,NA,NA,NA,NA,NA,NA,"day 17-20 Methamphetamine Drinking","40","Methamphetamine Drinking","mg_L",NA,NA,NA,NA,NA,NA,NA,NA,NA,NA,NA,NA,NA,"050671_9/5/2025_Oral methamphetamine","050671_9/5/2025_Oral methamphetamine","yes",NA,"Kumar Lab","yes","Safb2",NA,"OM5: 4 days 20mg-L,  3 days 40mg-L,  4 days 80mg-L oral methamphetamine position swap every 2-3 days skip weekend work",NA,6.38999938964844,4.43000030517578,0.590572953224182,4,6.38999938964839,4.4300003051758,0.590572973186412,0.00372122007443945,"eligible",TRUE,FALSE
31853,"Oral methamphetamine","SUC0140","033620","B6NJ-Safb2-/- Cyfip2-S968F<J>","M",2024-05-29,2024-01-22,"Orianna",128,18.2857142857143,NA,30,71.6999969482422,80.0999984741211,66.6999969482422,74.4000015258789,2,NA,NA,NA,NA,NA,NA,"day 22-24 Methamphetamine Drinking","80","Methamphetamine Drinking","mg_L",NA,NA,NA,NA,NA,NA,NA,NA,NA,NA,NA,NA,159412.98828125,"033620_5/29/2024_Oral methamphetamine","033620_5/29/2024_Oral methamphetamine","yes",NA,"Kumar Lab","yes","Safb2",NA,"OM5: 4 days 20mg-L,  3 days 40mg-L,  4 days 80mg-L oral methamphetamine position swap every 2-3 days skip weekend work",0.00666666666666667,5,5.69999694824219,0.467289865016937,6,5,5.69999694824219,0.467289852902379,0.00666666666666667,"eligible",TRUE,FALSE
37518,"Oral methamphetamine","SUC0218","039600","B6NJ-Safb2-/- Cyfip2-S968F<J>","F",2024-12-07,2024-07-17,"Fionna",143,20.4285714285714,NA,25.2714287894113,102.900001525879,85.5999984741211,97.9000015258789,82.0999984741211,2,NA,NA,NA,NA,NA,NA,"day 20-22 Methamphetamine Drinking","80","Methamphetamine Drinking","mg_L",NA,NA,NA,NA,NA,NA,NA,NA,NA,NA,NA,NA,NA,"039600_12/7/2024_Oral methamphetamine","039600_12/7/2024_Oral methamphetamine","yes",NA,"Kumar Lab","yes","Safb2",NA,"OM5: 4 days 20mg-L,  3 days 40mg-L,  4 days 80mg-L oral methamphetamine position swap every 2-3 days skip weekend work",NA,5,3.5,0.588235318660736,5,5.0000000000001,3.5,0.588235294117652,0.00791407568074678,"eligible",TRUE,TRUE
37520,"Oral methamphetamine","SUC0218","039602","B6NJ-Safb2-/- Cyfip2-S968F<J>","M",2024-12-07,2024-07-17,"Fionna",143,20.4285714285714,NA,30.5714280264718,96.3000030517578,96.1999969482422,91.0999984741211,95.3000030517578,2,NA,NA,NA,NA,NA,NA,"day 20-22 Methamphetamine Drinking","80","Methamphetamine Drinking","mg_L",NA,NA,NA,NA,NA,NA,NA,NA,NA,NA,NA,NA,NA,"039602_12/7/2024_Oral methamphetamine","039602_12/7/2024_Oral methamphetamine","yes",NA,"Kumar Lab","yes","Safb2",NA,"OM5: 4 days 20mg-L,  3 days 40mg-L,  4 days 80mg-L oral methamphetamine position swap every 2-3 days skip weekend work",NA,5.20000457763672,0.899993896484375,0.852459967136383,5,5.2000045776367,0.899993896484403,0.852459980063507,0.00680374442846965,"eligible",TRUE,TRUE
40137,"Oral methamphetamine","SUC0232","040771","B6NJ-Safb2-/- Cyfip2-S968F<J>","F",2025-02-03,2024-08-30,"Fionna",157,22.4285714285714,NA,21.566666285197,95.1999969482422,95.5,91.4000015258789,90.4000015258789,2,NA,NA,NA,NA,NA,NA,"day 20-22 Methamphetamine Drinking","80","Methamphetamine Drinking","mg_L",NA,NA,NA,NA,NA,NA,NA,NA,NA,NA,NA,NA,NA,"040771_2/3/2025_Oral methamphetamine","040771_2/3/2025_Oral methamphetamine","yes",NA,"Kumar Lab","yes","Safb2",NA,"OM5: 4 days 20mg-L,  3 days 40mg-L,  4 days 80mg-L oral methamphetamine position swap every 2-3 days skip weekend work",NA,3.79999542236328,5.09999847412109,0.426966071128845,5,3.7999954223633,5.09999847412109,0.426966070601952,0.00704790508113265,"eligible",TRUE,FALSE
48266,"Oral methamphetamine","SUC0328","050671","B6NJ-Safb2-/- Cyfip2-S968F<J>","F",2025-09-06,2025-04-29,"Fionna",130,18.5714285714286,NA,23.0971429007394,96.3000030517578,97.870002746582,92.379997253418,94,2,NA,NA,NA,NA,NA,NA,"day 20-22 Methamphetamine Drinking","80","Methamphetamine Drinking","mg_L",NA,NA,NA,NA,NA,NA,NA,NA,NA,NA,NA,NA,NA,"050671_9/6/2025_Oral methamphetamine","050671_9/6/2025_Oral methamphetamine","yes",NA,"Kumar Lab","yes","Safb2",NA,"OM5: 4 days 20mg-L,  3 days 40mg-L,  4 days 80mg-L oral methamphetamine position swap every 2-3 days skip weekend work",NA,3.92000579833984,3.87000274658203,0.503209412097931,5,3.9200057983398,3.870002746582,0.503209434974907,0.00678872848505312,"eligible",TRUE,FALSE
32731,"Oral methamphetamine","SUC0160","034587","B6NJ-Scamp5+/- Cyfip2-S968F<J>","F",2024-06-21,2024-02-10,"Orianna",132,18.8571428571429,NA,19.1111106872558,71.4000015258789,79.9000015258789,64.0999984741211,78.1999969482422,3,NA,NA,NA,NA,NA,NA,"day 17-20 Methamphetamine Drinking","40","Methamphetamine Drinking","mg_L",NA,NA,NA,NA,NA,NA,NA,NA,NA,NA,NA,NA,NA,"034587_6/21/2024_Oral methamphetamine","034587_6/21/2024_Oral methamphetamine","yes",NA,"Kumar Lab","yes","Scamp5",NA,"OM5: 4 days 20mg-L,  3 days 40mg-L,  4 days 80mg-L oral methamphetamine position swap every 2-3 days skip weekend work",NA,7.30000305175781,1.70000457763672,0.811110734939575,4,7.30000305175781,1.7000045776367,0.811110762608201,0.00509302549790284,"eligible",FALSE,TRUE
31813,"Oral methamphetamine","SUC0144","033627","B6NJ-Scamp5+/- Cyfip2-S968F<J>","M",2024-05-27,2024-01-26,"Orianna",122,17.4285714285714,NA,25.9222219255236,71.0999984741211,72.4000015258789,67.9000015258789,71.1999969482422,2,NA,NA,NA,NA,NA,NA,"day 20-22 Methamphetamine Drinking","80","Methamphetamine Drinking","mg_L",NA,NA,NA,NA,NA,NA,NA,NA,NA,NA,NA,NA,NA,"033627_5/27/2024_Oral methamphetamine","033627_5/27/2024_Oral methamphetamine","yes",NA,"Kumar Lab","yes","Scamp5",NA,"OM5: 4 days 20mg-L,  3 days 40mg-L,  4 days 80mg-L oral methamphetamine position swap every 2-3 days skip weekend work",NA,3.19999694824219,1.20000457763672,0.727271795272827,5,3.19999694824219,1.2000045776367,0.727271781480347,0.00493784361145586,"eligible",FALSE,TRUE
32824,"Oral methamphetamine","SUC0160","034586","B6NJ-Scamp5+/- Cyfip2-S968F<J>","F",2024-06-26,2024-02-10,"Orianna",137,19.5714285714286,NA,19.6000003814697,65.3000030517578,77.5,60.9000015258789,76.8000030517578,2,NA,NA,NA,NA,NA,NA,"day 22-24 Methamphetamine Drinking","80","Methamphetamine Drinking","mg_L",NA,NA,NA,NA,NA,NA,NA,NA,NA,NA,NA,NA,202896.438075154,"034586_6/26/2024_Oral methamphetamine","034586_6/26/2024_Oral methamphetamine","yes",NA,"Kumar Lab","yes","Scamp5",NA,"OM5: 4 days 20mg-L,  3 days 40mg-L,  4 days 80mg-L oral methamphetamine position swap every 2-3 days skip weekend work",0.00897959477600575,4.40000152587891,0.699996948242188,0.862745642662048,6,4.4000015258789,0.699996948242202,0.862745655357704,0.00897959477600575,"eligible",TRUE,TRUE
31714,"Oral methamphetamine","SUC0143","033843","B6NJ-Sipa1l1-/- Cyfip2-S968F<J>","M",2024-05-22,2024-01-31,"Orianna",112,16,NA,25.3333333333333,70.8000030517578,69.5,70,71.5,2,NA,NA,NA,NA,NA,NA,"day 15-17 Methamphetamine Drinking","20","Methamphetamine Drinking","mg_L",NA,NA,NA,NA,NA,NA,NA,NA,NA,NA,NA,NA,NA,"033843_5/22/2024_Oral methamphetamine","033843_5/22/2024_Oral methamphetamine","yes",NA,"Kumar Lab","yes","Sipa1l1",NA,"OM5: 4 days 20mg-L,  3 days 40mg-L,  4 days 80mg-L oral methamphetamine position swap every 2-3 days skip weekend work",NA,0.800003051757813,-2,-0.666670918464661,3,0.800003051757798,-2,-0.666670905229944,0.000315790678325447,"eligible",FALSE,TRUE
27175,"Oral methamphetamine","SUC0082","029783","B6NJ-Slc26a10-/- Cyfip2-S968F<J>","M",2024-02-01,2023-10-20,"Misty",104,14.8571428571429,NA,28.2000007629395,83.9000015258789,69.5,79.0999984741211,67.6999969482422,2,NA,NA,NA,NA,NA,NA,"Days 11-13","80","methamphetamine drinking","mg_L",NA,NA,NA,NA,NA,NA,NA,NA,NA,NA,NA,NA,235336.526766932,"029783_2/1/2024_Oral methamphetamine","029783_2/1/2024_Oral methamphetamine","yes",NA,"Kumar Lab","yes","Slc26a10",NA,"OM4: 4 days 20mg-L,  4 days 40mg-L,  4 days 80mg-L oral methamphetamine position swap every 2 days",0.00680851478283078,4.80000305175781,1.80000305175781,0.727272510528564,6,4.80000305175781,1.8000030517578,0.727272517096765,0.00680851478283077,"eligible",FALSE,TRUE
27127,"Oral methamphetamine","SUC0082","030246","B6NJ-Slc26a10-/- Cyfip2-S968F<J>","M",2024-01-30,2023-10-15,"Misty",107,15.2857142857143,NA,23.5,82,77.8000030517578,77.8000030517578,76.0999984741211,2,NA,NA,NA,NA,NA,NA,"Days 9-11","80","methamphetamine drinking","mg_L",NA,NA,NA,NA,NA,NA,NA,NA,NA,NA,NA,NA,271472.344581117,"030246_1/30/2024_Oral methamphetamine","030246_1/30/2024_Oral methamphetamine","yes",NA,"Kumar Lab","yes","Slc26a10",NA,"OM4: 4 days 20mg-L,  4 days 40mg-L,  4 days 80mg-L oral methamphetamine position swap every 2 days",0.00714893097573138,4.19999694824219,1.70000457763672,0.711863696575165,5,4.1999969482422,1.7000045776367,0.711863705427863,0.00714893097573141,"eligible",TRUE,TRUE
29731,"Oral methamphetamine","SUC0105","031289","B6NJ-Slc26a10-/- Cyfip2-S968F<J>","F",2024-03-25,2023-11-25,"Orianna",121,17.2857142857143,NA,21.6333325703938,80.5999984741211,80.0999984741211,76.5999984741211,75.0999984741211,2,NA,NA,NA,NA,NA,NA,"day 20-22 Methamphetamine","80","Methamphetamine Drinking","mg_L",NA,NA,NA,NA,NA,NA,NA,NA,NA,NA,NA,NA,NA,"031289_3/25/2024_Oral methamphetamine","031289_3/25/2024_Oral methamphetamine","yes",NA,"Kumar Lab","yes","Slc26a10",NA,"OM5: 4 days 20mg-L,  3 days 40mg-L,  4 days 80mg-L oral methamphetamine position swap every 2-3 days skip weekend work",NA,4,5,0.444444447755814,4,4,5,0.444444444444444,0.00739599409750521,"eligible",TRUE,FALSE
31848,"Oral methamphetamine","SUC0138","033318","B6NJ-Slc26a10-/- Cyfip2-S968F<J>","F",2024-05-29,2024-01-16,"Orianna",134,19.1428571428571,NA,21.6000003814697,71.6999969482422,78.9000015258789,67.4000015258789,77.5,2,NA,NA,NA,NA,NA,NA,"day 22-24 Methamphetamine Drinking","80","Methamphetamine Drinking","mg_L",NA,NA,NA,NA,NA,NA,NA,NA,NA,NA,NA,NA,223730.55522123,"033318_5/29/2024_Oral methamphetamine","033318_5/29/2024_Oral methamphetamine","yes",NA,"Kumar Lab","yes","Slc26a10",NA,"OM5: 4 days 20mg-L,  3 days 40mg-L,  4 days 80mg-L oral methamphetamine position swap every 2-3 days skip weekend work",0.00796295434522709,4.29999542236328,1.40000152587891,0.754385590553284,6,4.2999954223633,1.40000152587891,0.754385565713216,0.00796295434522713,"eligible",TRUE,TRUE
31800,"Oral methamphetamine","SUC0138","033319","B6NJ-Slc26a10-/- Cyfip2-S968F<J>","F",2024-05-27,2024-01-16,"Orianna",132,18.8571428571429,NA,24.7666672600641,72.4000015258789,71.9000015258789,68.1999969482422,70.8000030517578,2,NA,NA,NA,NA,NA,NA,"day 20-22 Methamphetamine Drinking","80","Methamphetamine Drinking","mg_L",NA,NA,NA,NA,NA,NA,NA,NA,NA,NA,NA,NA,NA,"033319_5/27/2024_Oral methamphetamine","033319_5/27/2024_Oral methamphetamine","yes",NA,"Kumar Lab","yes","Slc26a10",NA,"OM5: 4 days 20mg-L,  3 days 40mg-L,  4 days 80mg-L oral methamphetamine position swap every 2-3 days skip weekend work",NA,4.20000457763672,1.09999847412109,0.792453229427338,5,4.2000045776367,1.09999847412111,0.79245323759648,0.00678331813244677,"eligible",FALSE,TRUE
22703,"Oral methamphetamine","SUC0057","026150","B6NJ-Strn3+/- Cyfip2-S968F<J>","M",2023-10-17,2023-07-24,"Marina",85,12.1428571428571,NA,22.6000003814697,81.8000030517578,82.4000015258789,76,81.9000015258789,2,NA,NA,NA,NA,NA,NA,"Day 9-11","80","Methamphetamine drinking","mg_L",NA,NA,NA,NA,NA,NA,NA,NA,NA,NA,NA,NA,275079.654337796,"026150_10/17/2023_Oral methamphetamine","026150_10/17/2023_Oral methamphetamine","yes",NA,"Kumar Lab","yes","Strn3",NA,"OM4: 4 days 20mg-L,  4 days 40mg-L,  4 days 80mg-L oral methamphetamine position swap every 2 days",0.0102654919537318,5.80000305175781,0.5,0.920634984970093,5,5.8000030517578,0.5,0.920634959079823,0.0102654919537318,"eligible",TRUE,TRUE
22723,"Oral methamphetamine","SUC0057","026150","B6NJ-Strn3+/- Cyfip2-S968F<J>","M",2023-10-19,2023-07-24,"Marina",87,12.4285714285714,NA,22.7999992370605,76,81.9000015258789,70.4000015258789,80.8000030517578,2,NA,NA,NA,NA,NA,NA,"Day 11-13","80","Methamphetamine drinking","mg_L",NA,NA,NA,NA,NA,NA,NA,NA,NA,NA,NA,NA,234666.670235974,"026150_10/19/2023_Oral methamphetamine","026150_10/19/2023_Oral methamphetamine","yes",NA,"Kumar Lab","yes","Strn3",NA,"OM4: 4 days 20mg-L,  4 days 40mg-L,  4 days 80mg-L oral methamphetamine position swap every 2 days",0.00982455905528015,5.59999847412109,1.09999847412109,0.835821032524109,6,5.59999847412109,1.09999847412111,0.835821048484253,0.00982455905528017,"eligible",TRUE,TRUE
48204,"Oral methamphetamine","SUC0343","052222","B6NJ-Stx16-/- Cyfip2-S968F<J>","M",2025-09-03,2025-05-31,"Fionna",95,13.5714285714286,NA,27.7285706656319,84.379997253418,91.8899993896484,80.3499984741211,82,2,NA,NA,NA,NA,NA,NA,"day 15-17 Methamphetamine Drinking","20","Methamphetamine Drinking","mg_L",NA,NA,NA,NA,NA,NA,NA,NA,NA,NA,NA,NA,NA,"052222_9/3/2025_Oral methamphetamine","052222_9/3/2025_Oral methamphetamine","yes",NA,"Kumar Lab","no","Stx16",NA,"OM5: 4 days 20mg-L,  3 days 40mg-L,  4 days 80mg-L oral methamphetamine position swap every 2-3 days skip weekend work",NA,4.02999877929688,9.88999938964844,0.289511442184448,3,4.0299987792969,9.88999938964839,0.289511444641393,0.00145337414895744,"eligible",FALSE,TRUE
51846,"Oral methamphetamine","SUC0401","056485","B6NJ-Stx16-/- Cyfip2-S968F<J>","M",2026-01-19,2025-10-15,"Fionna",96,13.7142857142857,NA,24.0499992370605,100.059997558594,95.6800003051758,87.7600021362305,93.5899963378906,2,NA,NA,NA,NA,NA,NA,"day 13-15 Methamphetamine drinking","20","Methamphetamine Drinking","mg_L",NA,NA,NA,NA,NA,NA,NA,NA,NA,NA,NA,NA,365125.401395783,"056485_1/19/2026_Oral methamphetamine","056485_1/19/2026_Oral methamphetamine","yes",NA,"Kumar Lab","no","Stx16",NA,"OM5: 4 days 20mg-L,  3 days 40mg-L,  4 days 80mg-L oral methamphetamine position swap every 2-3 days skip weekend work",0.00511434337320446,12.2999954223633,2.09000396728516,0.854759991168976,2,12.2999954223635,2.0900039672852,0.854759968316008,0.00511434337320456,"eligible",TRUE,FALSE
51897,"Oral methamphetamine","SUC0401","056485","B6NJ-Stx16-/- Cyfip2-S968F<J>","M",2026-01-21,2025-10-15,"Fionna",98,14,NA,24.0811106363932,87.7600021362305,93.5899963378906,83.6900024414063,78.6900024414063,2,NA,NA,NA,NA,NA,NA,"day 15-17 Methamphetamine Drinking","20","Methamphetamine Drinking","mg_L",NA,NA,NA,NA,NA,NA,NA,NA,NA,NA,NA,NA,NA,"056485_1/21/2026_Oral methamphetamine","056485_1/21/2026_Oral methamphetamine","yes",NA,"Kumar Lab","no","Stx16",NA,"OM5: 4 days 20mg-L,  3 days 40mg-L,  4 days 80mg-L oral methamphetamine position swap every 2-3 days skip weekend work",NA,4.06999969482422,14.8999938964844,0.214549347758293,3,4.06999969482419,14.8999938964843,0.214549344744584,0.00169012125573365,"eligible",FALSE,TRUE
52383,"Oral methamphetamine","SUC0407","056971","B6NJ-Stx16-/- Cyfip2-S968F<J>","M",2026-02-16,2025-11-05,"Fionna",103,14.7142857142857,NA,33.7999992370605,91.5999984741211,80.5,86.7300033569336,71.5100021362305,2,NA,NA,NA,NA,NA,NA,"day 13-15 Methamphetamine drinking","20","Methamphetamine Drinking","mg_L",NA,NA,NA,NA,NA,NA,NA,NA,NA,NA,NA,NA,235043.445001262,"056971_2/16/2026_Oral methamphetamine","056971_2/16/2026_Oral methamphetamine","yes",NA,"Kumar Lab","no","Stx16",NA,"OM5: 4 days 20mg-L,  3 days 40mg-L,  4 days 80mg-L oral methamphetamine position swap every 2-3 days skip weekend work",0.00144082699027038,4.8699951171875,8.98999786376953,0.35137066245079,2,4.8699951171875,8.9899978637695,0.351370677018282,0.00144082699027038,"eligible",FALSE,TRUE
52050,"Oral methamphetamine","SUC0401","056485","B6NJ-Stx16-/- Cyfip2-S968F<J>","M",2026-01-28,2025-10-15,"Fionna",105,15,NA,24.1900005340576,87.6600036621094,92.8000030517578,71.5400009155273,88.3899993896484,2,NA,NA,NA,NA,NA,NA,"day 22-24 Methamphetamine Drinking","80","Methamphetamine Drinking","mg_L",NA,NA,NA,NA,NA,NA,NA,NA,NA,NA,NA,NA,259247.484038473,"056485_1/28/2026_Oral methamphetamine","056485_1/28/2026_Oral methamphetamine","yes",NA,"Kumar Lab","no","Stx16",NA,"OM5: 4 days 20mg-L,  3 days 40mg-L,  4 days 80mg-L oral methamphetamine position swap every 2-3 days skip weekend work",0.0266556467808032,16.120002746582,4.41000366210938,0.785192310810089,6,16.1200027465821,4.4100036621094,0.78519229004028,0.0266556467808034,"eligible",TRUE,FALSE
32719,"Oral methamphetamine","SUC0157","034110","B6NJ-Synj1+/- Cyfip2-S968F<J>","F",2024-06-21,2024-02-06,"Orianna",136,19.4285714285714,NA,20.4666665395101,71,73.6999969482422,64.4000015258789,72.5,3,NA,NA,NA,NA,NA,NA,"day 17-20 Methamphetamine Drinking","40","Methamphetamine Drinking","mg_L",NA,NA,NA,NA,NA,NA,NA,NA,NA,NA,NA,NA,NA,"034110_6/21/2024_Oral methamphetamine","034110_6/21/2024_Oral methamphetamine","yes",NA,"Kumar Lab","yes","Synj1",NA,"OM5: 4 days 20mg-L,  3 days 40mg-L,  4 days 80mg-L oral methamphetamine position swap every 2-3 days skip weekend work",NA,6.59999847412109,1.19999694824219,0.846154153347015,4,6.59999847412109,1.1999969482422,0.84615414711633,0.00429967329975634,"eligible",FALSE,TRUE
32813,"Oral methamphetamine","SUC0157","034110","B6NJ-Synj1+/- Cyfip2-S968F<J>","F",2024-06-26,2024-02-06,"Orianna",141,20.1428571428571,NA,20.2999992370605,64.1999969482422,74.9000015258789,60,74.0999984741211,2,NA,NA,NA,NA,NA,NA,"day 22-24 Methamphetamine Drinking","80","Methamphetamine Drinking","mg_L",NA,NA,NA,NA,NA,NA,NA,NA,NA,NA,NA,NA,189753.689686204,"034110_6/26/2024_Oral methamphetamine","034110_6/26/2024_Oral methamphetamine","yes",NA,"Kumar Lab","yes","Synj1",NA,"OM5: 4 days 20mg-L,  3 days 40mg-L,  4 days 80mg-L oral methamphetamine position swap every 2-3 days skip weekend work",0.008275856366683,4.19999694824219,0.800003051757813,0.839999377727509,6,4.1999969482422,0.800003051757812,0.839999389648438,0.00827585636668304,"eligible",TRUE,TRUE
23843,"Oral methamphetamine","SUC0068","027518","B6NJ-Tars3-/- Cyfip2-S968F<J>","M",2023-11-14,2023-08-23,"Marina_Misty",83,11.8571428571429,NA,17.8999996185303,84.1999969482422,85.5999984741211,79.1999969482422,84.9000015258789,2,NA,NA,NA,NA,NA,NA,"Day 9-11","80","Methamphetamine Drinking","mg_L",NA,NA,NA,NA,NA,NA,NA,NA,NA,NA,NA,NA,372549.708969494,"027518_11/14/2023_Oral methamphetamine","027518_11/14/2023_Oral methamphetamine","yes",NA,"Kumar Lab","yes","Tars3",NA,"OM4: 4 days 20mg-L,  4 days 40mg-L,  4 days 80mg-L oral methamphetamine position swap every 2 days",0.0111731845956554,5,0.699996948242188,0.877193450927734,5,5,0.699996948242188,0.8771934521021,0.0111731845956554,"eligible",TRUE,TRUE
26075,"Oral methamphetamine","SUC0076","028583","B6NJ-Tars3-/- Cyfip2-S968F<J>","F",2023-12-21,2023-09-18,"Marina_Misty",94,13.4285714285714,NA,16.6000003814697,82.6999969482422,70.0999984741211,78,68.1999969482422,2,NA,NA,NA,NA,NA,NA,"Day 11-13","80","Methamphetamine drinking","mg_L",NA,NA,NA,NA,NA,NA,NA,NA,NA,NA,NA,NA,388590.32898431,"028583_12/21/2023_Oral methamphetamine","028583_12/21/2023_Oral methamphetamine","yes",NA,"Kumar Lab","yes","Tars3",NA,"OM4: 4 days 20mg-L,  4 days 40mg-L,  4 days 80mg-L oral methamphetamine position swap every 2 days",0.0113252935909296,4.69999694824219,1.90000152587891,0.712120890617371,6,4.6999969482422,1.90000152587889,0.712120914371588,0.0113252935909296,"eligible",TRUE,FALSE
29672,"Oral methamphetamine","SUC0116","031553","B6NJ-Tbc1d30-/- Cyfip2-S968F<J>","M",2024-03-20,2023-12-02,"Orianna",109,15.5714285714286,NA,23.8666665818956,79.9000015258789,79.5999984741211,77,82.8000030517578,2,NA,NA,NA,NA,NA,NA,"day 15-17","20","Methamphetamine Drinking","mg_L",NA,NA,NA,NA,NA,NA,NA,NA,NA,NA,NA,NA,NA,"031553_3/20/2024_Oral methamphetamine","031553_3/20/2024_Oral methamphetamine","yes",NA,"Kumar Lab","yes","Tbc1d30",NA,"OM5: 4 days 20mg-L,  3 days 40mg-L,  4 days 80mg-L oral methamphetamine position swap every 2-3 days skip weekend work",NA,2.90000152587891,-3.20000457763672,-9.6665735244751,2,2.90000152587891,-3.2000045776367,-9.6665734194603,0.00121508444253323,"eligible",FALSE,TRUE
27136,"Oral methamphetamine","SUC0079","030271","B6NJ-Tmem 79-/- Cyfip2-S968F<J>","M",2024-01-30,2023-10-27,"Misty",95,13.5714285714286,NA,21.5,84.1999969482422,77,77.5,74.9000015258789,2,NA,NA,NA,NA,NA,NA,"Days 9-11","80","methamphetamine drinking","mg_L",NA,NA,NA,NA,NA,NA,NA,NA,NA,NA,NA,NA,303511.627906977,"030271_1/30/2024_Oral methamphetamine","030271_1/30/2024_Oral methamphetamine","yes",NA,"Kumar Lab","yes","Tmem 79",NA,"OM4: 4 days 20mg-L,  4 days 40mg-L,  4 days 80mg-L oral methamphetamine position swap every 2 days",0.0124651106013808,6.69999694824219,2.09999847412109,0.761363685131073,5,6.6999969482422,2.09999847412109,0.761363685623699,0.0124651106013808,"eligible",TRUE,TRUE
30502,"Oral methamphetamine","SUC0125","032138","B6NJ-Tmem 79-/- Cyfip2-S968F<J>","M",2024-04-22,2023-12-20,"Orianna",124,17.7142857142857,NA,30.3666674296062,65.0999984741211,81.1999969482422,60.7000007629395,74.9000015258789,2,NA,NA,NA,NA,NA,NA,"day 20-22 Methamphetamine Drinking","80","Methamphetamine Drinking","mg_L",NA,NA,NA,NA,NA,NA,NA,NA,NA,NA,NA,NA,NA,"032138_4/22/2024_Oral methamphetamine","032138_4/22/2024_Oral methamphetamine","yes",NA,"Kumar Lab","yes","Tmem 79",NA,"OM5: 4 days 20mg-L,  3 days 40mg-L,  4 days 80mg-L oral methamphetamine position swap every 2-3 days skip weekend work",NA,4.39999771118164,6.29999542236328,0.411215007305145,5,4.39999771118159,6.2999954223633,0.411215003249622,0.00579582559908011,"eligible",FALSE,TRUE
30503,"Oral methamphetamine","SUC0125","032139","B6NJ-Tmem 79-/- Cyfip2-S968F<J>","M",2024-04-22,2023-12-20,"Orianna",124,17.7142857142857,NA,31.3666665818956,64.6999969482422,81.6999969482422,61,77.1999969482422,2,NA,NA,NA,NA,NA,NA,"day 20-22 Methamphetamine Drinking","80","Methamphetamine Drinking","mg_L",NA,NA,NA,NA,NA,NA,NA,NA,NA,NA,NA,NA,NA,"032139_4/22/2024_Oral methamphetamine","032139_4/22/2024_Oral methamphetamine","yes",NA,"Kumar Lab","yes","Tmem 79",NA,"OM5: 4 days 20mg-L,  3 days 40mg-L,  4 days 80mg-L oral methamphetamine position swap every 2-3 days skip weekend work",NA,3.69999694824219,4.5,0.451219320297241,5,3.6999969482422,4.5,0.451219307957835,0.00471838081816164,"eligible",FALSE,TRUE
14894,"Oral methamphetamine","SUC0029","015009","B6NJ-Tmem151b-/- Cyfip2-S968F<J>","F",2023-02-15,2022-11-12,"Marina",95,13.5714285714286,NA,18.7000007629395,79,73.1999969482422,70.9000015258789,70.1999969482422,2,NA,NA,NA,NA,NA,NA,"Day 5- Day 7","20","Methamphetamine drinking","mg_L",NA,NA,NA,NA,NA,NA,NA,NA,NA,NA,NA,NA,299524.05717313,"015009_2/15/2023_Oral methamphetamine","015009_2/15/2023_Oral methamphetamine","yes",NA,"Kumar Lab","yes","Tmem151b",NA,"OM2: 3 days water, 5 days 20mg-L, 3 day break, 5 days 40mg-L oral methamphetamine",0.00433154980943854,8.09999847412109,3,0.72972971200943,2,8.09999847412109,3,0.729729692576598,0.00433154980943853,"eligible",TRUE,FALSE
14930,"Oral methamphetamine","SUC0029","015009","B6NJ-Tmem151b-/- Cyfip2-S968F<J>","F",2023-02-22,2022-11-12,"Marina",102,14.5714285714286,NA,19.5,74.9000015258789,83.9000015258789,67.8000030517578,82.5999984741211,2,NA,NA,NA,NA,NA,NA,"Day 3- Day 5","40","Methamphetamine drinking","mg_L",NA,NA,NA,NA,NA,NA,NA,NA,NA,NA,NA,NA,260421.549479167,"015009_2/22/2023_Oral methamphetamine","015009_2/22/2023_Oral methamphetamine","yes",NA,"Kumar Lab","yes","Tmem151b",NA,"OM2: 3 days water, 5 days 20mg-L, 3 day break, 5 days 40mg-L oral methamphetamine",0.00728204971704728,7.09999847412109,1.30000305175781,0.845237731933594,4,7.09999847412111,1.30000305175781,0.845237760046503,0.00728204971704729,"eligible",TRUE,FALSE
20235,"Oral methamphetamine","SUC0048","023351","B6NJ-Tmem151b-/- Cyfip2-S968F<J>","M",2023-08-17,2023-05-12,"Marina",97,13.8571428571429,NA,27.6000003814697,81.1999969482422,84.0999984741211,76.8000030517578,83,2,NA,NA,NA,NA,NA,NA,"Day 11-13","80","Methamphetamine drinking","mg_L",NA,NA,NA,NA,NA,NA,NA,NA,NA,NA,NA,NA,225947.828625281,"023351_8/17/2023_Oral methamphetamine","023351_8/17/2023_Oral methamphetamine","yes",NA,"Kumar Lab","yes","Tmem151b",NA,"OM4: 4 days 20mg-L,  4 days 40mg-L,  4 days 80mg-L oral methamphetamine position swap every 2 days",0.00637680266039195,4.39999389648438,1.09999847412109,0.800000011920929,6,4.3999938964844,1.09999847412109,0.800000000000001,0.006376802660392,"eligible",FALSE,TRUE
40970,"Oral methamphetamine","SUC0239","042614","B6NJ-Tmem151b-/- Cyfip2-S968F<J>","F",2025-03-05,2024-10-07,"Fionna",149,21.2857142857143,NA,21.8999996185303,100.300003051758,86.5999984741211,94.0999984741211,84,2,NA,NA,NA,NA,NA,NA,"day 22-24 Methamphetamine Drinking","80","Methamphetamine Drinking","mg_L",NA,NA,NA,NA,NA,NA,NA,NA,NA,NA,NA,NA,430969.435303735,"042614_3/5/2025_Oral methamphetamine","042614_3/5/2025_Oral methamphetamine","yes",NA,"Kumar Lab","yes","Tmem151b",NA,"OM5: 4 days 20mg-L,  3 days 40mg-L,  4 days 80mg-L oral methamphetamine position swap every 2-3 days skip weekend work",0.0113242094714754,6.20000457763672,2.59999847412109,0.704545736312866,6,6.2000045776369,2.59999847412109,0.704545730401572,0.0113242094714758,"eligible",TRUE,FALSE
28388,"Oral methamphetamine","SUC0096","030847","B6NJ-Tmod2-/- Cyfip2-S968F<J>","M",2024-02-27,2023-11-14,"Misty",105,15,NA,24.7000007629395,83.5999984741211,71.3000030517578,80.5999984741211,69.6999969482422,2,NA,NA,NA,NA,NA,NA,"Days 9-11","80","methamphetamine drinking","mg_L",NA,NA,NA,NA,NA,NA,NA,NA,NA,NA,NA,NA,272799.978131129,"030847_2/27/2024_Oral methamphetamine","030847_2/27/2024_Oral methamphetamine","yes",NA,"Kumar Lab","yes","Tmod2",NA,"OM4: 4 days 20mg-L,  4 days 40mg-L,  4 days 80mg-L oral methamphetamine position swap every 2 days",0.0048582994450774,3,1.60000610351563,0.652173042297363,5,3,1.6000061035156,0.652173047706876,0.00485829944507739,"eligible",FALSE,TRUE
30579,"Oral methamphetamine","SUC0133","032340","B6NJ-Tmod2-/- Cyfip2-S968F<J>","F",2024-04-24,2023-12-31,"Orianna",115,16.4285714285714,NA,23.1000003814697,66.3000030517578,69.8000030517578,63,68.3000030517578,2,NA,NA,NA,NA,NA,NA,"day 22-24 Methamphetamine Drinking","80","Methamphetamine Drinking","mg_L",NA,NA,NA,NA,NA,NA,NA,NA,NA,NA,NA,NA,180818.195742352,"032340_4/24/2024_Oral methamphetamine","032340_4/24/2024_Oral methamphetamine","yes",NA,"Kumar Lab","yes","Tmod2",NA,"OM5: 4 days 20mg-L,  3 days 40mg-L,  4 days 80mg-L oral methamphetamine position swap every 2-3 days skip weekend work",0.00571429090434994,3.30000305175781,1.5,0.687500178813934,6,3.3000030517578,1.5,0.687500198682022,0.00571429090434992,"eligible",FALSE,TRUE
31806,"Oral methamphetamine","SUC0142","033519","B6NJ-Tmod2-/- Cyfip2-S968F<J>","F",2024-05-27,2024-01-21,"Orianna",127,18.1428571428571,NA,23.3666661580403,73.3000030517578,71.9000015258789,70,71.5,2,NA,NA,NA,NA,NA,NA,"day 20-22 Methamphetamine Drinking","80","Methamphetamine Drinking","mg_L",NA,NA,NA,NA,NA,NA,NA,NA,NA,NA,NA,NA,NA,"033519_5/27/2024_Oral methamphetamine","033519_5/27/2024_Oral methamphetamine","yes",NA,"Kumar Lab","yes","Tmod2",NA,"OM5: 4 days 20mg-L,  3 days 40mg-L,  4 days 80mg-L oral methamphetamine position swap every 2-3 days skip weekend work",NA,3.30000305175781,0.400001525878906,0.891891598701477,5,3.3000030517578,0.400001525878906,0.891891613243787,0.00564907810029594,"eligible",FALSE,TRUE
31815,"Oral methamphetamine","SUC0145","033772","B6NJ-Tmod2-/- Cyfip2-S968F<J>","M",2024-05-27,2024-01-26,"Orianna",122,17.4285714285714,NA,24.966667175293,69.8000030517578,80.9000015258789,66.4000015258789,80.0999984741211,2,NA,NA,NA,NA,NA,NA,"day 20-22 Methamphetamine Drinking","80","Methamphetamine Drinking","mg_L",NA,NA,NA,NA,NA,NA,NA,NA,NA,NA,NA,NA,NA,"033772_5/27/2024_Oral methamphetamine","033772_5/27/2024_Oral methamphetamine","yes",NA,"Kumar Lab","yes","Tmod2",NA,"OM5: 4 days 20mg-L,  3 days 40mg-L,  4 days 80mg-L oral methamphetamine position swap every 2-3 days skip weekend work",NA,3.40000152587891,0.800003051757813,0.809523284435272,5,3.40000152587889,0.800003051757812,0.809523290517944,0.00544726535104939,"eligible",FALSE,TRUE
31864,"Oral methamphetamine","SUC0145","033772","B6NJ-Tmod2-/- Cyfip2-S968F<J>","M",2024-05-29,2024-01-26,"Orianna",124,17.7142857142857,NA,24.7000007629395,66.4000015258789,80.0999984741211,62.7999992370605,79.3000030517578,2,NA,NA,NA,NA,NA,NA,"day 22-24 Methamphetamine Drinking","80","Methamphetamine Drinking","mg_L",NA,NA,NA,NA,NA,NA,NA,NA,NA,NA,NA,NA,168822.663687187,"033772_5/29/2024_Oral methamphetamine","033772_5/29/2024_Oral methamphetamine","yes",NA,"Kumar Lab","yes","Tmod2",NA,"OM5: 4 days 20mg-L,  3 days 40mg-L,  4 days 80mg-L oral methamphetamine position swap every 2-3 days skip weekend work",0.0058299630406812,3.60000228881836,0.799995422363281,0.818182766437531,6,3.60000228881841,0.799995422363295,0.81818276397502,0.00582996304068127,"eligible",FALSE,TRUE
42117,"Oral methamphetamine","SUC0264","046320","B6NJ-Tppp-/- Cyfip2-S968F<J>","F",2025-03-31,2025-01-14,"Fionna",76,10.8571428571429,NA,20.5,97.4000015258789,94.6999969482422,92.0999984741211,90.3000030517578,2,NA,NA,NA,NA,NA,NA,"day 13-15 Methamphetamine drinking","20","Methamphetamine Drinking","mg_L",NA,NA,NA,NA,NA,NA,NA,NA,NA,NA,NA,NA,437587.318978659,"046320_3/31/2025_Oral methamphetamine","046320_3/31/2025_Oral methamphetamine","yes",NA,"Kumar Lab","yes","Tppp",NA,"OM5: 4 days 20mg-L,  3 days 40mg-L,  4 days 80mg-L oral methamphetamine position swap every 2-3 days skip weekend work",0.00258536734232088,5.30000305175781,4.39999389648438,0.546392261981964,2,5.30000305175781,4.3999938964844,0.546392239094287,0.00258536734232088,"eligible",TRUE,FALSE
25969,"Oral methamphetamine","SUC0077","029055","B6NJ-Tppp-/- Cyfip2-S968F<J>","F",2023-12-17,2023-09-28,"Marina_Misty",80,11.4285714285714,NA,19.3999996185303,82.0999984741211,72.8000030517578,77.0999984741211,70.6999969482422,2,NA,NA,NA,NA,NA,NA,"Day 7-9","40","Methamphetamine drinking","mg_L",NA,NA,NA,NA,NA,NA,NA,NA,NA,NA,NA,NA,326284.009919393,"029055_12/17/2023_Oral methamphetamine","029055_12/17/2023_Oral methamphetamine","yes",NA,"Kumar Lab","yes","Tppp",NA,"OM4: 4 days 20mg-L,  4 days 40mg-L,  4 days 80mg-L oral methamphetamine position swap every 2 days",0.0051546392766154,5,2.10000610351563,0.704224765300751,4,5,2.1000061035156,0.704224746725813,0.0051546392766154,"eligible",TRUE,FALSE
32764,"Oral methamphetamine","SUC0156","034321","B6NJ-Tppp-/- Cyfip2-S968F<J>","M",2024-06-24,2024-02-11,"Orianna",134,19.1428571428571,NA,27.9555560217963,64.9000015258789,65.6999969482422,61.5999984741211,63.5999984741211,2,NA,NA,NA,NA,NA,NA,"day 20-22 Methamphetamine Drinking","80","Methamphetamine Drinking","mg_L",NA,NA,NA,NA,NA,NA,NA,NA,NA,NA,NA,NA,NA,"034321_6/24/2024_Oral methamphetamine","034321_6/24/2024_Oral methamphetamine","yes",NA,"Kumar Lab","yes","Tppp",NA,"OM5: 4 days 20mg-L,  3 days 40mg-L,  4 days 80mg-L oral methamphetamine position swap every 2-3 days skip weekend work",NA,3.30000305175781,2.09999847412109,0.611111521720886,5,3.30000305175781,2.0999984741211,0.611111503569565,0.00472178489196905,"eligible",FALSE,TRUE
42249,"Oral methamphetamine","SUC0264","046320","B6NJ-Tppp-/- Cyfip2-S968F<J>","F",2025-04-09,2025-01-14,"Fionna",85,12.1428571428571,NA,21.1000003814697,94.4000015258789,94.4000015258789,90.3000030517578,86.3000030517578,2,NA,NA,NA,NA,NA,NA,"day 22-24 Methamphetamine Drinking","80","Methamphetamine Drinking","mg_L",NA,NA,NA,NA,NA,NA,NA,NA,NA,NA,NA,NA,403996.216037331,"046320_4/9/2025_Oral methamphetamine","046320_4/9/2025_Oral methamphetamine","yes",NA,"Kumar Lab","yes","Tppp",NA,"OM5: 4 days 20mg-L,  3 days 40mg-L,  4 days 80mg-L oral methamphetamine position swap every 2-3 days skip weekend work",0.00777250881515957,4.09999847412109,8.09999847412109,0.336065530776978,6,4.09999847412111,8.09999847412111,0.336065532763255,0.00777250881515961,"eligible",TRUE,FALSE
42215,"Oral methamphetamine","SUC0264","046323","B6NJ-Tppp-/- Cyfip2-S968F<J>","F",2025-04-07,2025-01-14,"Fionna",83,11.8571428571429,NA,18.8222215440538,95.8000030517578,89.0999984741211,92.5,82.1999969482422,2,NA,NA,NA,NA,NA,NA,"day 20-22 Methamphetamine Drinking","80","Methamphetamine Drinking","mg_L",NA,NA,NA,NA,NA,NA,NA,NA,NA,NA,NA,NA,NA,"046323_4/7/2025_Oral methamphetamine","046323_4/7/2025_Oral methamphetamine","yes",NA,"Kumar Lab","yes","Tppp",NA,"OM5: 4 days 20mg-L,  3 days 40mg-L,  4 days 80mg-L oral methamphetamine position swap every 2-3 days skip weekend work",NA,3.30000305175781,6.90000152587891,0.323529571294785,5,3.3000030517578,6.90000152587889,0.323529565760489,0.00701299375110228,"eligible",TRUE,FALSE
44279,"Oral methamphetamine","SUC0292","048443","B6NJ-Trim46-/- Cyfip2-S968F<J>","F",2025-05-28,2025-03-03,"Fionna",86,12.2857142857143,NA,19.8888884650336,89.0999984741211,97.0999984741211,82,93.5999984741211,2,NA,NA,NA,NA,NA,NA,"day 15-17 Methamphetamine Drinking","20","Methamphetamine Drinking","mg_L",NA,NA,NA,NA,NA,NA,NA,NA,NA,NA,NA,NA,NA,"048443_5/28/2025_Oral methamphetamine","048443_5/28/2025_Oral methamphetamine","yes",NA,"Kumar Lab","no","Trim46",NA,"OM5: 4 days 20mg-L,  3 days 40mg-L,  4 days 80mg-L oral methamphetamine position swap every 2-3 days skip weekend work",NA,7.09999847412109,3.5,0.669811248779297,3,7.09999847412109,3.5,0.669811273223772,0.0035698317111102,"eligible",TRUE,FALSE
44237,"Oral methamphetamine","SUC0292","048446","B6NJ-Trim46-/- Cyfip2-S968F<J>","M",2025-05-26,2025-03-03,"Fionna",84,12,NA,25.6000003814697,94.5,86.1999969482422,93.5999984741211,79.3000030517578,2,NA,NA,NA,NA,NA,NA,"day 13-15 Methamphetamine drinking","20","Methamphetamine Drinking","mg_L",NA,NA,NA,NA,NA,NA,NA,NA,NA,NA,NA,NA,345515.627480811,"048446_5/26/2025_Oral methamphetamine","048446_5/26/2025_Oral methamphetamine","yes",NA,"Kumar Lab","no","Trim46",NA,"OM5: 4 days 20mg-L,  3 days 40mg-L,  4 days 80mg-L oral methamphetamine position swap every 2-3 days skip weekend work",0.000351563090807749,0.900001525878906,6.89999389648438,0.115384876728058,2,0.900001525878906,6.8999938964844,0.11538487872679,0.00035156309080775,"eligible",TRUE,TRUE
44411,"Oral methamphetamine","SUC0292","048443","B6NJ-Trim46-/- Cyfip2-S968F<J>","F",2025-06-04,2025-03-03,"Fionna",93,13.2857142857143,NA,20.2000007629395,91.6999969482422,84.4000015258789,84.9000015258789,81,2,NA,NA,NA,NA,NA,NA,"day 22-24 Methamphetamine Drinking","80","Methamphetamine Drinking","mg_L",NA,NA,NA,NA,NA,NA,NA,NA,NA,NA,NA,NA,385412.365548451,"048443_6/4/2025_Oral methamphetamine","048443_6/4/2025_Oral methamphetamine","yes",NA,"Kumar Lab","no","Trim46",NA,"OM5: 4 days 20mg-L,  3 days 40mg-L,  4 days 80mg-L oral methamphetamine position swap every 2-3 days skip weekend work",0.0134653369614502,6.79999542236328,3.40000152587891,0.666666388511658,6,6.7999954223633,3.40000152587891,0.666666417339974,0.0134653369614502,"eligible",TRUE,FALSE
50216,"Oral methamphetamine","SUC0368","055423","B6NJ-Tspan7-/- Cyfip2-S968F<J> (X chr)","F",2025-11-28,2025-09-04,"Fionna",85,12.1428571428571,NA,19.7966666751438,93.129997253418,83.8000030517578,84.7200012207031,77.8099975585938,3,NA,NA,NA,NA,NA,NA,"day 17-20 Methamphetamine Drinking","40","Methamphetamine Drinking","mg_L",NA,NA,NA,NA,NA,NA,NA,NA,NA,NA,NA,NA,NA,"055423_11/28/2025_Oral methamphetamine","055423_11/28/2025_Oral methamphetamine","yes",NA,"Kumar Lab","yes","Tspan7",NA,"OM5: 4 days 20mg-L,  3 days 40mg-L,  4 days 80mg-L oral methamphetamine position swap every 2-3 days skip weekend work",NA,8.40999603271484,5.99000549316406,0.584027469158173,4,8.4099960327149,5.99000549316399,0.584027440386094,0.00566425056683863,"eligible",TRUE,FALSE
51934,"Oral methamphetamine","SUC0396","056163","B6NJ-Tspan7-/- Cyfip2-S968F<J> (X chr)","M",2026-01-23,2025-10-05,"Fionna",110,15.7142857142857,NA,26.2488888634576,94.6399993896484,86.4499969482422,75.5899963378906,80.1100006103516,5,NA,NA,NA,NA,NA,NA,"day 17-20 Methamphetamine Drinking","40","Methamphetamine Drinking","mg_L",NA,NA,NA,NA,NA,NA,NA,NA,NA,NA,NA,NA,NA,"056163_1/23/2026_Oral methamphetamine","056163_1/23/2026_Oral methamphetamine","yes",NA,"Kumar Lab","yes","Tspan7",NA,"OM5: 4 days 20mg-L,  3 days 40mg-L,  4 days 80mg-L oral methamphetamine position swap every 2-3 days skip weekend work",NA,19.0500030517578,6.33999633789063,0.750295519828796,4,19.0500030517578,6.3399963378906,0.750295530118231,0.00580596097636065,"eligible",TRUE,TRUE
51982,"Oral methamphetamine","SUC0396","056147","B6NJ-Tspan7-/- Cyfip2-S968F<J> (X chr)","F",2026-01-26,2025-10-06,"Fionna",112,16,NA,22.06888961792,90.2900009155273,92.4700012207031,81.3300018310547,89,2,NA,NA,NA,NA,NA,NA,"day 20-22 Methamphetamine Drinking","80","Methamphetamine Drinking","mg_L",NA,NA,NA,NA,NA,NA,NA,NA,NA,NA,NA,NA,NA,"056147_1/26/2026_Oral methamphetamine","056147_1/26/2026_Oral methamphetamine","yes",NA,"Kumar Lab","yes","Tspan7",NA,"OM5: 4 days 20mg-L,  3 days 40mg-L,  4 days 80mg-L oral methamphetamine position swap every 2-3 days skip weekend work",NA,8.95999908447266,3.47000122070313,0.720836579799652,5,8.9599990844726,3.4700012207031,0.720836594086146,0.0162400541932061,"eligible",TRUE,FALSE
48846,"Oral methamphetamine","SUC0350","053312","B6NJ-Xkr4-/- Cyfip2-S968F<J>","M",2025-10-06,2025-07-08,"Fionna",90,12.8571428571429,NA,31.134444978502,96.0599975585938,80.1800003051758,91.2200012207031,79.0100021362305,2,NA,NA,NA,NA,NA,NA,"day 20-22 Methamphetamine Drinking","80","Methamphetamine Drinking","mg_L",NA,NA,NA,NA,NA,NA,NA,NA,NA,NA,NA,NA,NA,"053312_10/6/2025_Oral methamphetamine","053312_10/6/2025_Oral methamphetamine","yes",NA,"Kumar Lab","yes","Xkr4",NA,"OM5: 4 days 20mg-L,  3 days 40mg-L,  4 days 80mg-L oral methamphetamine position swap every 2-3 days skip weekend work",NA,4.83999633789063,1.16999816894531,0.805324614048004,5,4.83999633789071,1.1699981689453,0.805324585968507,0.006218188686174,"eligible",FALSE,TRUE
51090,"Oral methamphetamine","SUC0373","055577","B6NJ-Xkr4-/- Cyfip2-S968F<J>","F",2025-12-29,2025-09-14,"Fionna",106,15.1428571428571,NA,21.1800003051758,90.5599975585938,95.620002746582,84.6399993896484,93.6999969482422,2,NA,NA,NA,NA,NA,NA,"day 22-24 Methamphetamine Drinking","80","Methamphetamine Drinking","mg_L",NA,NA,NA,NA,NA,NA,NA,NA,NA,NA,NA,NA,361897.919567163,"055577_12/29/2025_Oral methamphetamine","055577_12/29/2025_Oral methamphetamine","yes",NA,"Kumar Lab","yes","Xkr4",NA,"OM5: 4 days 20mg-L,  3 days 40mg-L,  4 days 80mg-L oral methamphetamine position swap every 2-3 days skip weekend work",0.0111803552099074,5.91999816894531,1.92000579833984,0.755101442337036,6,5.91999816894541,1.9200057983398,0.755101425158507,0.0111803552099076,"eligible",TRUE,FALSE
25811,"Oral methamphetamine","SUC0078","028643","B6NJ-Zfp536+/- Cyfip2-S968F<J>","F",2023-12-11,2023-09-20,"Marina_Misty",82,11.7142857142857,NA,18.3999996185303,80.6999969482422,83,74.5,82,2,NA,NA,NA,NA,NA,NA,"Day 1-3","20","Methamphetamine drinking","mg_L",NA,NA,NA,NA,NA,NA,NA,NA,NA,NA,NA,NA,326747.284075432,"028643_12/11/2023_Oral methamphetamine","028643_12/11/2023_Oral methamphetamine","yes",NA,"Kumar Lab","yes","Zfp536",NA,"OM4: 4 days 20mg-L,  4 days 40mg-L,  4 days 80mg-L oral methamphetamine position swap every 2 days",0.00336956362868524,6.19999694824219,1,0.861111044883728,1,6.1999969482422,1,0.861111052242301,0.00336956362868524,"eligible",TRUE,FALSE
25986,"Oral methamphetamine","SUC0078","027858","B6NJ-Zfp536+/- Cyfip2-S968F<J>","M",2023-12-17,2023-08-28,"Marina_Misty",111,15.8571428571429,NA,24.2999992370605,80.8000030517578,74.5999984741211,74,72.9000015258789,2,NA,NA,NA,NA,NA,NA,"Day 7-9","40","Methamphetamine drinking","mg_L",NA,NA,NA,NA,NA,NA,NA,NA,NA,NA,NA,NA,246057.62893167,"027858_12/17/2023_Oral methamphetamine","027858_12/17/2023_Oral methamphetamine","yes",NA,"Kumar Lab","yes","Zfp536",NA,"OM4: 4 days 20mg-L,  4 days 40mg-L,  4 days 80mg-L oral methamphetamine position swap every 2 days",0.00559671050638302,6.80000305175781,1.69999694824219,0.800000369548798,4,6.8000030517578,1.69999694824219,0.800000359030331,0.00559671050638302,"eligible",TRUE,FALSE
25980,"Oral methamphetamine","SUC0078","028647","B6NJ-Zfp536+/- Cyfip2-S968F<J>","F",2023-12-17,2023-09-23,"Marina_Misty",85,12.1428571428571,NA,19.6000003814697,81.4000015258789,70.6999969482422,74.5999984741211,66.9000015258789,2,NA,NA,NA,NA,NA,NA,"Day 7-9","40","Methamphetamine drinking","mg_L",NA,NA,NA,NA,NA,NA,NA,NA,NA,NA,NA,NA,309818.358327547,"028647_12/17/2023_Oral methamphetamine","028647_12/17/2023_Oral methamphetamine","yes",NA,"Kumar Lab","yes","Zfp536",NA,"OM4: 4 days 20mg-L,  4 days 40mg-L,  4 days 80mg-L oral methamphetamine position swap every 2 days",0.00693877848919502,6.80000305175781,3.79999542236328,0.641509830951691,4,6.80000305175781,3.7999954223633,0.64150981420982,0.00693877848919502,"eligible",TRUE,FALSE
26044,"Oral methamphetamine","SUC0078","027861","B6NJ-Zfp536+/- Cyfip2-S968F<J>","M",2023-12-19,2023-08-28,"Marina_Misty",113,16.1428571428571,NA,25.1000003814697,83.1999969482422,63.5999984741211,81.3000030517578,63.4000015258789,2,NA,NA,NA,NA,NA,NA,"Day 9-11","80","Methamphetamine drinking","mg_L",NA,NA,NA,NA,NA,NA,NA,NA,NA,NA,NA,NA,269488.448344554,"027861_12/19/2023_Oral methamphetamine","027861_12/19/2023_Oral methamphetamine","yes",NA,"Kumar Lab","yes","Zfp536",NA,"OM4: 4 days 20mg-L,  4 days 40mg-L,  4 days 80mg-L oral methamphetamine position swap every 2 days",0.00302787867347932,1.89999389648438,0.199996948242188,0.904762923717499,5,1.8999938964844,0.199996948242202,0.904762942779287,0.00302787867347937,"eligible",FALSE,TRUE
26095,"Oral methamphetamine","SUC0078","027864","B6NJ-Zfp536+/- Cyfip2-S968F<J>","M",2023-12-21,2023-09-02,"Marina_Misty",110,15.7142857142857,NA,30.1000003814697,81.5,75.5,76.1999969482422,74.3000030517578,2,NA,NA,NA,NA,NA,NA,"Day 11-13","80","Methamphetamine drinking","mg_L",NA,NA,NA,NA,NA,NA,NA,NA,NA,NA,NA,NA,206322.250032618,"027864_12/21/2023_Oral methamphetamine","027864_12/21/2023_Oral methamphetamine","yes",NA,"Kumar Lab","yes","Zfp536",NA,"OM4: 4 days 20mg-L,  4 days 40mg-L,  4 days 80mg-L oral methamphetamine position swap every 2 days",0.00704319333500158,5.30000305175781,1.19999694824219,0.815385103225708,6,5.3000030517578,1.1999969482422,0.815385084885815,0.00704319333500156,"eligible",TRUE,TRUE
26096,"Oral methamphetamine","SUC0078","027865","B6NJ-Zfp536+/- Cyfip2-S968F<J>","M",2023-12-21,2023-09-02,"Marina_Misty",110,15.7142857142857,NA,23.2000007629395,82.6999969482422,63.4000015258789,77.0999984741211,60.5,2,NA,NA,NA,NA,NA,NA,"Day 11-13","80","Methamphetamine drinking","mg_L",NA,NA,NA,NA,NA,NA,NA,NA,NA,NA,NA,NA,274834.880341008,"027865_12/21/2023_Oral methamphetamine","027865_12/21/2023_Oral methamphetamine","yes",NA,"Kumar Lab","yes","Zfp536",NA,"OM4: 4 days 20mg-L,  4 days 40mg-L,  4 days 80mg-L oral methamphetamine position swap every 2 days",0.00965516946545405,5.59999847412109,2.90000152587891,0.658823370933533,6,5.59999847412111,2.9000015258789,0.6588233498966,0.00965516946545406,"eligible",TRUE,TRUE
26033,"Oral methamphetamine","SUC0078","028634","B6NJ-Zfp536+/- Cyfip2-S968F<J>","F",2023-12-19,2023-09-24,"Marina_Misty",86,12.2857142857143,NA,20,82.5,83.6999969482422,79.1999969482422,79.9000015258789,2,NA,NA,NA,NA,NA,NA,"Day 9-11","80","Methamphetamine drinking","mg_L",NA,NA,NA,NA,NA,NA,NA,NA,NA,NA,NA,NA,326699.975585938,"028634_12/19/2023_Oral methamphetamine","028634_12/19/2023_Oral methamphetamine","yes",NA,"Kumar Lab","yes","Zfp536",NA,"OM4: 4 days 20mg-L,  4 days 40mg-L,  4 days 80mg-L oral methamphetamine position swap every 2 days",0.00660000610351563,3.30000305175781,3.79999542236328,0.464789271354675,5,3.3000030517578,3.7999954223633,0.464789262108441,0.0066000061035156,"eligible",TRUE,FALSE
26092,"Oral methamphetamine","SUC0078","028647","B6NJ-Zfp536+/- Cyfip2-S968F<J>","F",2023-12-21,2023-09-23,"Marina_Misty",89,12.7142857142857,NA,19.7000007629395,82.1999969482422,76.1999969482422,77.1999969482422,75.1999969482422,2,NA,NA,NA,NA,NA,NA,"Day 11-13","80","Methamphetamine drinking","mg_L",NA,NA,NA,NA,NA,NA,NA,NA,NA,NA,NA,NA,322123.812675522,"028647_12/21/2023_Oral methamphetamine","028647_12/21/2023_Oral methamphetamine","yes",NA,"Kumar Lab","yes","Zfp536",NA,"OM4: 4 days 20mg-L,  4 days 40mg-L,  4 days 80mg-L oral methamphetamine position swap every 2 days",0.0101522838707828,5,1,0.833333313465118,6,5,1,0.833333333333333,0.0101522838707828,"eligible",TRUE,TRUE
26028,"Oral methamphetamine","SUC0078","029427","B6NJ-Zfp536+/- Cyfip2-S968F<J>","F",2023-12-19,2023-10-09,"Marina_Misty",71,10.1428571428571,NA,18.8999996185303,83.5999984741211,82.5999984741211,80.3000030517578,80,2,NA,NA,NA,NA,NA,NA,"Day 9-11","80","Methamphetamine drinking","mg_L",NA,NA,NA,NA,NA,NA,NA,NA,NA,NA,NA,NA,355189.429292011,"029427_12/19/2023_Oral methamphetamine","029427_12/19/2023_Oral methamphetamine","yes",NA,"Kumar Lab","yes","Zfp536",NA,"OM4: 4 days 20mg-L,  4 days 40mg-L,  4 days 80mg-L oral methamphetamine position swap every 2 days",0.00698411743697146,3.29999542236328,2.59999847412109,0.559321820735931,5,3.2999954223633,2.59999847412109,0.559321836642857,0.00698411743697148,"eligible",TRUE,TRUE
49728,"Oral methamphetamine","SUC0358","053939","B6NJ-Zwint+/- Cyfip2-S968F<J>","F",2025-10-31,2025-07-17,"Fionna",106,15.1428571428571,NA,23.1955562167698,95.2600021362305,80.870002746582,86.0999984741211,78.2300033569336,3,NA,NA,NA,NA,NA,NA,"day 17-20 Methamphetamine Drinking","40","Methamphetamine Drinking","mg_L",NA,NA,NA,NA,NA,NA,NA,NA,NA,NA,NA,NA,NA,"053939_10/31/2025_Oral methamphetamine","053939_10/31/2025_Oral methamphetamine","yes",NA,"Kumar Lab","no","Zwint",NA,"OM5: 4 days 20mg-L,  3 days 40mg-L,  4 days 80mg-L oral methamphetamine position swap every 2-3 days skip weekend work",NA,9.16000366210938,2.63999938964844,0.776271283626556,4,9.1600036621094,2.63999938964841,0.776271296026899,0.00526537846387833,"eligible",TRUE,FALSE
51013,"Oral methamphetamine","SUC0381","056194","B6NJ-Zwint+/- Cyfip2-S968F<J>","F",2025-12-26,2025-09-29,"Fionna",88,12.5714285714286,NA,20.6528568267822,91.3600006103516,98.1900024414063,83.0999984741211,95.5999984741211,3,NA,NA,NA,NA,NA,NA,"day 17-20 Methamphetamine Drinking","40","Methamphetamine Drinking","mg_L",NA,NA,NA,NA,NA,NA,NA,NA,NA,NA,NA,NA,NA,"056194_12/26/2025_Oral methamphetamine","056194_12/26/2025_Oral methamphetamine","yes",NA,"Kumar Lab","no","Zwint",NA,"OM5: 4 days 20mg-L,  3 days 40mg-L,  4 days 80mg-L oral methamphetamine position swap every 2-3 days skip weekend work",NA,8.26000213623047,2.59000396728516,0.761290073394775,4,8.26000213623051,2.59000396728521,0.761290091215158,0.00533259697387666,"eligible",TRUE,FALSE
51014,"Oral methamphetamine","SUC0381","056195","B6NJ-Zwint+/- Cyfip2-S968F<J>","F",2025-12-26,2025-09-29,"Fionna",88,12.5714285714286,NA,20.2285714830671,93.8099975585938,86.5699996948242,83.4899978637695,83.7600021362305,3,NA,NA,NA,NA,NA,NA,"day 17-20 Methamphetamine Drinking","40","Methamphetamine Drinking","mg_L",NA,NA,NA,NA,NA,NA,NA,NA,NA,NA,NA,NA,NA,"056195_12/26/2025_Oral methamphetamine","056195_12/26/2025_Oral methamphetamine","yes",NA,"Kumar Lab","no","Zwint",NA,"OM5: 4 days 20mg-L,  3 days 40mg-L,  4 days 80mg-L oral methamphetamine position swap every 2-3 days skip weekend work",NA,10.3199996948242,2.80999755859375,0.785986423492432,4,10.3199996948243,2.80999755859371,0.785986432109709,0.00680225966752881,"eligible",TRUE,FALSE
49751,"Oral methamphetamine","SUC0362","054486","B6NJ-Zwint+/- Cyfip2-S968F<J>","F",2025-11-03,2025-08-07,"Fionna",88,12.5714285714286,NA,21.55999967787,94.4300003051758,90.5,88.5999984741211,86.629997253418,2,NA,NA,NA,NA,NA,NA,"day 20-22 Methamphetamine Drinking","80","Methamphetamine Drinking","mg_L",NA,NA,NA,NA,NA,NA,NA,NA,NA,NA,NA,NA,NA,"054486_11/3/2025_Oral methamphetamine","054486_11/3/2025_Oral methamphetamine","yes",NA,"Kumar Lab","no","Zwint",NA,"OM5: 4 days 20mg-L,  3 days 40mg-L,  4 days 80mg-L oral methamphetamine position swap every 2-3 days skip weekend work",NA,5.83000183105469,3.87000274658203,0.601030826568604,5,5.8300018310547,3.870002746582,0.60103083296432,0.0108163300893531,"eligible",TRUE,TRUE
51111,"Oral methamphetamine","SUC0381","056194","B6NJ-Zwint+/- Cyfip2-S968F<J>","F",2025-12-29,2025-09-29,"Fionna",91,13,NA,20.9099998474121,92.4499969482422,89.9000015258789,87.4899978637695,87.5699996948242,2,NA,NA,NA,NA,NA,NA,"day 22-24 Methamphetamine Drinking","80","Methamphetamine Drinking","mg_L",NA,NA,NA,NA,NA,NA,NA,NA,NA,NA,NA,NA,386822.106854944,"056194_12/29/2025_Oral methamphetamine","056194_12/29/2025_Oral methamphetamine","yes",NA,"Kumar Lab","no","Zwint",NA,"OM5: 4 days 20mg-L,  3 days 40mg-L,  4 days 80mg-L oral methamphetamine position swap every 2-3 days skip weekend work",0.00948828143599728,4.95999908447266,2.33000183105469,0.680383861064911,6,4.9599990844727,2.3300018310547,0.680383876757561,0.00948828143599736,"eligible",TRUE,TRUE
51063,"Oral methamphetamine","SUC0381","056195","B6NJ-Zwint+/- Cyfip2-S968F<J>","F",2025-12-27,2025-09-29,"Fionna",89,12.7142857142857,NA,20.1857144492013,94.6100006103516,83.7600021362305,90.5400009155273,78.0599975585938,2,NA,NA,NA,NA,NA,NA,"day 20-22 Methamphetamine Drinking","80","Methamphetamine Drinking","mg_L",NA,NA,NA,NA,NA,NA,NA,NA,NA,NA,NA,NA,NA,"056195_12/27/2025_Oral methamphetamine","056195_12/27/2025_Oral methamphetamine","yes",NA,"Kumar Lab","no","Zwint",NA,"OM5: 4 days 20mg-L,  3 days 40mg-L,  4 days 80mg-L oral methamphetamine position swap every 2-3 days skip weekend work",NA,4.06999969482422,5.70000457763672,0.416581153869629,5,4.0699996948243,5.70000457763669,0.416581158136904,0.00806510902562648,"eligible",TRUE,FALSE
51112,"Oral methamphetamine","SUC0381","056195","B6NJ-Zwint+/- Cyfip2-S968F<J>","F",2025-12-29,2025-09-29,"Fionna",91,13,NA,20.1000003814697,90.5400009155273,95.2600021362305,83.2099990844727,92.5599975585938,2,NA,NA,NA,NA,NA,NA,"day 22-24 Methamphetamine Drinking","80","Methamphetamine Drinking","mg_L",NA,NA,NA,NA,NA,NA,NA,NA,NA,NA,NA,NA,374817.579756825,"056195_12/29/2025_Oral methamphetamine","056195_12/29/2025_Oral methamphetamine","yes",NA,"Kumar Lab","no","Zwint",NA,"OM5: 4 days 20mg-L,  3 days 40mg-L,  4 days 80mg-L oral methamphetamine position swap every 2-3 days skip weekend work",0.0145870680436648,7.33000183105469,2.70000457763672,0.730807304382324,6,7.3300018310546,2.70000457763669,0.730807292875002,0.0145870680436647,"eligible",TRUE,TRUE
52534,"Oral methamphetamine","SUC0408","057161","B6NJ-Zwint+/- Cyfip2-S968F<J>","M",2026-02-25,2025-11-04,"Fionna",113,16.1428571428571,NA,30.3199996948242,97.2799987792969,95.9300003051758,93.2300033569336,93.3099975585938,2,NA,NA,NA,NA,NA,NA,"day 22-24 Methamphetamine Drinking","80","Methamphetamine Drinking","mg_L",NA,NA,NA,NA,NA,NA,NA,NA,NA,NA,NA,NA,299123.190314896,"057161_2/25/2026_Oral methamphetamine","057161_2/25/2026_Oral methamphetamine","yes",NA,"Kumar Lab","no","Zwint",NA,"OM5: 4 days 20mg-L,  3 days 40mg-L,  4 days 80mg-L oral methamphetamine position swap every 2-3 days skip weekend work",0.0053430019302469,4.04999542236328,2.62000274658203,0.607195854187012,6,4.04999542236331,2.62000274658199,0.607195882184735,0.00534300193024694,"eligible",FALSE,TRUE
48323,"Oral methamphetamine","SUC0333","050739","B6NJ-Zzef1-/- Cyfip2-S968F<J>","F",2025-09-08,2025-05-01,"Fionna",130,18.5714285714286,NA,23.2999992370605,96.8399963378906,83.0100021362305,91.4000015258789,79.5,2,NA,NA,NA,NA,NA,NA,"day 22-24 Methamphetamine Drinking","80","Methamphetamine Drinking","mg_L",NA,NA,NA,NA,NA,NA,NA,NA,NA,NA,NA,NA,379878.801333671,"050739_9/8/2025_Oral methamphetamine","050739_9/8/2025_Oral methamphetamine","yes",NA,"Kumar Lab","no","Zzef1",NA,"OM5: 4 days 20mg-L,  3 days 40mg-L,  4 days 80mg-L oral methamphetamine position swap every 2-3 days skip weekend work",0.00933904719337323,5.43999481201172,3.51000213623047,0.607820868492126,6,5.43999481201169,3.5100021362305,0.607820856640641,0.0093390471933732,"eligible",TRUE,TRUE
48325,"Oral methamphetamine","SUC0333","051035","B6NJ-Zzef1-/- Cyfip2-S968F<J>","F",2025-09-08,2025-05-08,"Fionna",123,17.5714285714286,NA,20.3999996185303,92.5299987792969,84.4700012207031,87.0999984741211,80.5,2,NA,NA,NA,NA,NA,NA,"day 22-24 Methamphetamine Drinking","80","Methamphetamine Drinking","mg_L",NA,NA,NA,NA,NA,NA,NA,NA,NA,NA,NA,NA,395066.81096445,"051035_9/8/2025_Oral methamphetamine","051035_9/8/2025_Oral methamphetamine","yes",NA,"Kumar Lab","no","Zzef1",NA,"OM5: 4 days 20mg-L,  3 days 40mg-L,  4 days 80mg-L oral methamphetamine position swap every 2-3 days skip weekend work",0.010647059621008,5.43000030517578,3.97000122070313,0.577659487724304,6,5.43000030517581,3.9700012207031,0.577659513163547,0.010647059621008,"eligible",TRUE,FALSE
52011,"Oral methamphetamine","SUC0390","056244","B6NJ-Zzef1-/- Cyfip2-S968F<J>","F",2026-01-28,2025-10-06,"Fionna",114,16.2857142857143,NA,22.5499992370605,90.8899993896484,99.4599990844727,84.5899963378906,97,2,NA,NA,NA,NA,NA,NA,"day 22-24 Methamphetamine Drinking","80","Methamphetamine Drinking","mg_L",NA,NA,NA,NA,NA,NA,NA,NA,NA,NA,NA,NA,340948.33817064,"056244_1/28/2026_Oral methamphetamine","056244_1/28/2026_Oral methamphetamine","yes",NA,"Kumar Lab","no","Zzef1",NA,"OM5: 4 days 20mg-L,  3 days 40mg-L,  4 days 80mg-L oral methamphetamine position swap every 2-3 days skip weekend work",0.0111751720885274,6.30000305175781,2.45999908447266,0.719178259372711,6,6.3000030517578,2.4599990844727,0.719178255185762,0.0111751720885274,"eligible",TRUE,TRUE
16396,"Oral methamphetamine","SUC0034","018575","C57BL/6J","F",2023-03-27,2022-12-06,"Marina",111,15.8571428571429,NA,23.1000003814697,93.5,83.0999984741211,82,76.6999969482422,2,NA,NA,NA,NA,NA,NA,"Day 10- Day 12","20","Methamphetamine drinking","mg_L",NA,NA,NA,NA,NA,NA,NA,NA,NA,NA,NA,NA,331904.75642374,"018575_3/27/2023_Oral methamphetamine","018575_3/27/2023_Oral methamphetamine","yes",NA,"MP15","to CLIMB","B6J",NA,"OM: 3 day water-20mg-L, 5 days with water and increasing concentration of meth (10,20,40,80 mg-L)",0.00497835489614322,11.5,6.40000152587891,0.642458021640778,6,11.5,6.40000152587889,0.64245804579256,0.00497835489614322,"eligible",TRUE,FALSE
53197,"Oral methamphetamine","SUC0424","058451","C57BL/6J","F",2026-03-30,2026-01-08,"Fionna",81,11.5714285714286,"black",20.2999992370605,99.0999984741211,93.3000030517578,87.0699996948242,92.6500015258789,2,NA,NA,NA,NA,NA,NA,"day 13-15 Methamphetamine drinking","20","Methamphetamine Drinking","mg_L",NA,NA,NA,NA,NA,NA,NA,NA,NA,NA,NA,NA,425056.011972512,"058451_3/30/2026_Oral methamphetamine",NA,"no","black","Kumar Lab","to CLIMB","B6J",NA,"OM5: 4 days 20mg-L,  3 days 40mg-L,  4 days 80mg-L oral methamphetamine position swap every 2-3 days skip weekend work",0.00592610799577489,12.0299987792969,0.650001525878906,0.948738038539886,2,12.0299987792969,0.650001525878892,0.948738051243298,0.00592610799577491,"eligible",TRUE,FALSE
15178,"Oral methamphetamine","SUC0008","011663","C57BL/6J","M",2022-09-07,2022-05-31,"Marina",99,14.1428571428571,NA,31.3999996185303,85.0999984741211,86.8000030517578,75,83.1999969482422,2,NA,NA,NA,NA,NA,NA,"Day 10- Day 12","40","Methamphetamine drinking","mg_L",NA,NA,NA,NA,NA,NA,NA,NA,NA,NA,NA,NA,203264.333679592,"011663_9/7/2022_Oral methamphetamine","011663_9/7/2022_Oral methamphetamine","yes",NA,"AX27","to CLIMB","B6J",NA,"OM2: 3 days water, 5 days 20mg-L, 3 day break, 5 days 40mg-L oral methamphetamine",0.00643312012536505,10.0999984741211,3.60000610351563,0.737225890159607,3,10.0999984741211,3.6000061035156,0.737225919661947,0.00643312012536504,"eligible",TRUE,FALSE
15188,"Oral methamphetamine","SUC0008","011663","C57BL/6J","M",2022-09-09,2022-05-31,"Marina",101,14.4285714285714,NA,31.1000003814697,75.0999984741211,82,70,79.0999984741211,1,NA,NA,NA,NA,NA,NA,"Day 12- Day 13","40","Methamphetamine drinking","mg_L",NA,NA,NA,NA,NA,NA,NA,NA,NA,NA,NA,NA,169035.367701547,"011663_9/9/2022_Oral methamphetamine","011663_9/9/2022_Oral methamphetamine","yes",NA,"AX27","to CLIMB","B6J",NA,"OM2: 3 days water, 5 days 20mg-L, 3 day break, 5 days 40mg-L oral methamphetamine",0.00655948348754339,5.09999847412109,2.90000152587891,0.637499809265137,4,5.09999847412109,2.90000152587891,0.637499809265137,0.00655948348754339,"eligible",TRUE,FALSE
53267,"Oral methamphetamine","SUC0424","058451","C57BL/6J","F",2026-04-03,2026-01-08,"Fionna",85,12.1428571428571,"black",20.2555554707845,96.0400009155273,83.8399963378906,86.0100021362305,75.0599975585938,3,NA,NA,NA,NA,NA,NA,"day 17-20 Methamphetamine Drinking","40","Methamphetamine Drinking","mg_L",NA,NA,NA,NA,NA,NA,NA,NA,NA,NA,NA,NA,NA,"058451_4/3/2026_Oral methamphetamine",NA,"no","black","Kumar Lab","to CLIMB","B6J",NA,"OM5: 4 days 20mg-L,  3 days 40mg-L,  4 days 80mg-L oral methamphetamine position swap every 2-3 days skip weekend work",NA,10.0299987792969,8.77999877929688,0.533227026462555,4,10.0299987792968,8.77999877929679,0.533227011223851,0.0066023031187755,"eligible",TRUE,FALSE
18099,"Oral methamphetamine","SUC0038","022133","C57BL/6J","M",2023-06-12,2023-03-07,"Marina",97,13.8571428571429,"black",26.5,82.1999969482422,75.4000015258789,77.4000015258789,74.5,2,NA,NA,NA,NA,NA,NA,"Day 9 - 11","80","Methamphetamine drinking","mg_L",NA,NA,NA,NA,NA,NA,NA,NA,NA,NA,NA,NA,240086.029628538,"022133_6/12/2023_Oral methamphetamine","022133_6/12/2023_Oral methamphetamine","yes","black","AX27","to CLIMB","B6J",NA,NA,0.00724527610922759,4.79999542236328,0.900001525878906,0.842104911804199,5,4.7999954223633,0.900001525878906,0.842104910923425,0.00724527610922762,"eligible",FALSE,TRUE
18103,"Oral methamphetamine","SUC0038","022135","C57BL/6J","M",2023-06-12,2023-03-07,"Marina",97,13.8571428571429,"black",28.2000007629395,85.4000015258789,79.1999969482422,80.8000030517578,78.5999984741211,2,NA,NA,NA,NA,NA,NA,"Day 9 - 11","80","Methamphetamine drinking","mg_L",NA,NA,NA,NA,NA,NA,NA,NA,NA,NA,NA,NA,244692.203043073,"022135_6/12/2023_Oral methamphetamine","022135_6/12/2023_Oral methamphetamine","yes","black","AX27","to CLIMB","B6J",NA,NA,0.00652482035414188,4.59999847412109,0.599998474121094,0.8846156001091,5,4.59999847412111,0.599998474121108,0.884615610337247,0.00652482035414188,"eligible",FALSE,TRUE
18113,"Oral methamphetamine","SUC0038","022135","C57BL/6J","M",2023-06-14,2023-03-07,"Marina",99,14.1428571428571,"black",27.3999996185303,80.8000030517578,78.5999984741211,75.5,77.6999969482422,2,NA,NA,NA,NA,NA,NA,"Day 11- 13","80","Methamphetamine drinking","mg_L",NA,NA,NA,NA,NA,NA,NA,NA,NA,NA,NA,NA,222642.353122493,"022135_6/14/2023_Oral methamphetamine","022135_6/14/2023_Oral methamphetamine","yes","black","AX27","to CLIMB","B6J",NA,NA,0.00773723084021284,5.30000305175781,0.900001525878906,0.85483855009079,6,5.3000030517578,0.900001525878892,0.854838570744741,0.00773723084021281,"eligible",FALSE,TRUE
53300,"Oral methamphetamine","SUC0424","058449","C57BL/6J","F",2026-04-06,2026-01-08,"Fionna",88,12.5714285714286,"black",20.362221399943,92.0100021362305,85.4800033569336,86.7099990844727,81.2099990844727,2,NA,NA,NA,NA,NA,NA,"day 20-22 Methamphetamine Drinking","80","Methamphetamine Drinking","mg_L",NA,NA,NA,NA,NA,NA,NA,NA,NA,NA,NA,NA,NA,"058449_4/6/2026_Oral methamphetamine",NA,"no","black","Kumar Lab","to CLIMB","B6J",NA,"OM5: 4 days 20mg-L,  3 days 40mg-L,  4 days 80mg-L oral methamphetamine position swap every 2-3 days skip weekend work",NA,5.30000305175781,4.27000427246094,0.553813874721527,5,5.3000030517578,4.27000427246089,0.553813897126823,0.0104114437175752,"eligible",TRUE,FALSE
53337,"Oral methamphetamine","SUC0424","058451","C57BL/6J","F",2026-04-08,2026-01-08,"Fionna",90,12.8571428571429,"black",20.2000007629395,91.4199981689453,85.25,82.9700012207031,81.2300033569336,2,NA,NA,NA,NA,NA,NA,"day 22-24 Methamphetamine Drinking","80","Methamphetamine Drinking","mg_L",NA,NA,NA,NA,NA,NA,NA,NA,NA,NA,NA,NA,375500.83668394,"058451_4/8/2026_Oral methamphetamine",NA,"no","black","Kumar Lab","to CLIMB","B6J",NA,"OM5: 4 days 20mg-L,  3 days 40mg-L,  4 days 80mg-L oral methamphetamine position swap every 2-3 days skip weekend work",0.0167326665922612,8.44999694824219,4.01999664306641,0.677626430988312,6,8.4499969482422,4.01999664306641,0.677626406651221,0.0167326665922612,"eligible",TRUE,FALSE
53340,"Oral methamphetamine","SUC0424","058493","C57BL/6J","M",2026-04-08,2025-12-05,"Fionna",124,17.7142857142857,"black",26.6900005340576,96.2799987792969,94.0899963378906,90.9899978637695,92.6999969482422,2,NA,NA,NA,NA,NA,NA,"day 22-24 Methamphetamine Drinking","80","Methamphetamine Drinking","mg_L",NA,NA,NA,NA,NA,NA,NA,NA,NA,NA,NA,NA,328232.162842548,"058493_4/8/2026_Oral methamphetamine",NA,"no","black","Kumar Lab","to CLIMB","B6J",NA,"OM5: 4 days 20mg-L,  3 days 40mg-L,  4 days 80mg-L oral methamphetamine position swap every 2-3 days skip weekend work",0.00792806415837582,5.29000091552734,1.38999938964844,0.791916251182556,6,5.2900009155274,1.38999938964839,0.791916268540977,0.00792806415837591,"eligible",FALSE,TRUE
53306,"Oral methamphetamine","SUC0424","058494","C57BL/6J","M",2026-04-06,2025-12-05,"Fionna",122,17.4285714285714,"black",28.3000002966987,92.879997253418,99.129997253418,88.8399963378906,98.0100021362305,2,NA,NA,NA,NA,NA,NA,"day 20-22 Methamphetamine Drinking","80","Methamphetamine Drinking","mg_L",NA,NA,NA,NA,NA,NA,NA,NA,NA,NA,NA,NA,NA,"058494_4/6/2026_Oral methamphetamine",NA,"no","black","Kumar Lab","to CLIMB","B6J",NA,"OM5: 4 days 20mg-L,  3 days 40mg-L,  4 days 80mg-L oral methamphetamine position swap every 2-3 days skip weekend work",NA,4.04000091552734,1.1199951171875,0.782946527004242,5,4.0400009155274,1.1199951171875,0.782946515833226,0.00571024858398844,"eligible",FALSE,TRUE
53359,"Oral methamphetamine","SUC0428","058603","C57BL/6J","M",2026-04-08,2025-12-23,"Fionna",106,15.1428571428571,NA,28.3500003814697,91.3600006103516,84.6399993896484,85.6999969482422,82.5999984741211,2,NA,NA,NA,NA,NA,NA,"day 22-24 Methamphetamine Drinking","80","Methamphetamine Drinking","mg_L",NA,NA,NA,NA,NA,NA,NA,NA,NA,NA,NA,NA,276174.661462442,"058603_4/8/2026_Oral methamphetamine",NA,"no",NA,"MP15","to CLIMB","B6J",NA,"OM5: 4 days 20mg-L,  3 days 40mg-L,  4 days 80mg-L oral methamphetamine position swap every 2-3 days skip weekend work",0.00798589571209868,5.66000366210938,2.04000091552734,0.73506498336792,6,5.6600036621094,2.0400009155273,0.735064973668701,0.00798589571209873,"eligible",FALSE,TRUE
53332,"Oral methamphetamine","SUC0428","058721","C57BL/6J","F",2026-04-06,2025-12-09,"Fionna",118,16.8571428571429,"black",22.9544438256158,91.7699966430664,96.0999984741211,86.4199981689453,94.9300003051758,2,NA,NA,NA,NA,NA,NA,"day 20-22 Methamphetamine Drinking","80","Methamphetamine Drinking","mg_L",NA,NA,NA,NA,NA,NA,NA,NA,NA,NA,NA,NA,NA,"058721_4/6/2026_Oral methamphetamine",NA,"no","black","MP15","to CLIMB","B6J",NA,"OM5: 4 days 20mg-L,  3 days 40mg-L,  4 days 80mg-L oral methamphetamine position swap every 2-3 days skip weekend work",NA,5.34999847412109,1.16999816894531,0.820552349090576,5,5.34999847412111,1.1699981689453,0.820552335684173,0.00932281089407329,"eligible",FALSE,TRUE
